timestamp,carbon_intensity,renewable_percentage,fossil_fuel_percentage,grid_price_per_kwh,is_peak_hour,is_weekend
2025-12-31 19:00:00,665.4671433211251,22.42214277981247,77.57785722018752,8.318064136621937,True,False
2025-12-31 20:00:00,572.795097427007,37.8674837621655,62.1325162378345,7.733287383117248,True,False
2025-12-31 21:00:00,550.1642845724865,41.63928590458558,58.36071409541442,6.153187444706157,True,False
2025-12-31 22:00:00,540.194395939403,43.3009340100995,56.6990659899005,6.636292325757634,True,False
2025-12-31 23:00:00,525.0609605429195,45.82317324284676,54.17682675715324,5.537046036458534,False,False
2026-01-01 00:00:00,474.41357865708363,54.26440355715273,45.73559644284727,5.779519810206471,False,False
2026-01-01 01:00:00,520.0129503500518,46.66450827499137,53.33549172500863,6.151188295330227,False,False
2026-01-01 02:00:00,494.66709850342215,50.8888169160963,49.1111830839037,5.826737598345619,False,False
2026-01-01 03:00:00,463.2842033312794,56.119299444786776,43.880700555213224,5.823742388816031,False,False
2026-01-01 04:00:00,549.5528179510849,41.74119700815252,58.25880299184748,6.677848539632931,False,False
2026-01-01 05:00:00,498.0158167188662,50.3306972135223,49.6693027864777,5.833184176583632,False,False
2026-01-01 06:00:00,520.4689239326856,46.58851267788574,53.41148732211426,5.952713254202298,True,False
2026-01-01 07:00:00,595.9517086957268,34.0080485507122,65.9919514492878,6.739494014188157,True,False
2026-01-01 08:00:00,603.0534818993044,32.82441968344927,67.17558031655074,6.966978492418885,True,False
2026-01-01 09:00:00,571.3499937955575,38.108334367407096,61.891665632592904,5.774393973573619,True,False
2026-01-01 10:00:00,520.6808001000902,46.553199983318294,53.446800016681706,7.178233912654572,True,False
2026-01-01 11:00:00,446.69052149797346,58.884913083671094,41.115086916328906,5.277230928709571,False,False
2026-01-01 12:00:00,429.97620633203144,61.67063227799476,38.32936772200524,4.714461461062546,False,False
2026-01-01 13:00:00,396.4702004792278,67.25496658679538,32.745033413204624,4.0,False,False
2026-01-01 14:00:00,417.1862168865147,63.80229718558088,36.19770281441912,4.842415952734495,False,False
2026-01-01 15:00:00,450.76895784449135,58.20517369258478,41.79482630741522,5.861860774775789,False,False
2026-01-01 16:00:00,491.32968821059774,51.44505196490038,48.55494803509962,5.4364011449760055,False,False
2026-01-01 17:00:00,575.7240990236254,37.37931682939577,62.62068317060423,7.327810604915312,False,False
2026-01-01 18:00:00,596.7759466181762,33.870675563637285,66.12932443636271,6.508678756641344,True,False
2026-01-01 19:00:00,627.2343316679483,28.79427805534196,71.20572194465804,7.2370358656937945,True,False
2026-01-01 20:00:00,620.1246975007098,29.979217083215037,70.02078291678497,6.795462885481389,True,False
2026-01-01 21:00:00,675.7324221635848,20.711262972735867,79.28873702726413,7.726933509583608,True,False
2026-01-01 22:00:00,533.8066435679231,44.365559405346154,55.634440594653846,6.587951831650056,True,False
2026-01-01 23:00:00,502.3128404294712,49.61452659508814,50.38547340491186,6.366220289820128,False,False
2026-01-02 00:00:00,439.20371440240314,60.13271426626614,39.86728573373386,6.063591510255652,False,False
2026-01-02 01:00:00,541.803277595102,43.03278706748299,56.96721293251701,6.323961228275351,False,False
2026-01-02 02:00:00,510.92960979158767,48.17839836806872,51.82160163193128,5.8364803091329645,False,False
2026-01-02 03:00:00,503.1081307748402,49.4819782041933,50.5180217958067,5.7226074436297285,False,False
2026-01-02 04:00:00,466.36365242012795,55.60605792997868,44.39394207002132,5.786087172861055,False,False
2026-01-02 05:00:00,511.25462878943404,48.124228535094325,51.875771464905675,5.74172070032802,False,False
2026-01-02 06:00:00,612.218195270178,31.29696745497035,68.70303254502966,8.291037888945931,True,False
2026-01-02 07:00:00,594.1738462229864,34.3043589628356,65.69564103716439,6.602562946701783,True,False
2026-01-02 08:00:00,561.2419043542648,39.793015940955875,60.206984059044125,7.082112733513735,True,False
2026-01-02 09:00:00,623.8489520991102,29.35850798348163,70.64149201651837,6.192612588579347,True,False
2026-01-02 10:00:00,530.7180896871109,44.88031838548151,55.11968161451849,5.973844890191442,True,False
2026-01-02 11:00:00,493.2516778472268,51.12472035879554,48.87527964120446,6.165625272971131,False,False
2026-01-02 12:00:00,443.19945037763864,59.46675827039356,40.53324172960644,6.382680242277989,False,False
2026-01-02 13:00:00,416.14905329821295,63.975157783631175,36.024842216368825,5.251923890337148,False,False
2026-01-02 14:00:00,449.9952026528184,58.33413289119693,41.66586710880307,5.664427315805476,False,False
2026-01-02 15:00:00,460.70462821861025,56.54922863023162,43.45077136976838,6.0599974665807945,False,False
2026-01-02 16:00:00,521.6315695099842,46.39473841500264,53.60526158499736,6.466696748498854,False,False
2026-01-02 17:00:00,521.5924293535198,46.40126177441336,53.59873822558664,7.204887183337053,False,False
2026-01-02 18:00:00,573.0700811044519,37.82165314925802,62.17834685074198,6.682259784477185,True,False
2026-01-02 19:00:00,583.8523190414509,36.024613493091515,63.975386506908485,7.209304226317566,True,False
2026-01-02 20:00:00,607.3612303368508,32.106461610524875,67.89353838947513,6.87671585415227,True,False
2026-01-02 21:00:00,601.8201741979525,33.02997096700791,66.97002903299209,7.4206450026728,True,False
2026-01-02 22:00:00,535.0674033417785,44.155432776370255,55.844567223629745,6.32002438744551,True,False
2026-01-02 23:00:00,510.8103619836753,48.19827300272078,51.80172699727922,5.659266998235335,False,False
2026-01-03 00:00:00,501.1619690451008,49.80633849248319,50.19366150751681,6.794262975517668,False,True
2026-01-03 01:00:00,480.7877326940878,53.20204455098536,46.79795544901464,6.194494189268638,False,True
2026-01-03 02:00:00,466.6039975142249,55.56600041429584,44.43399958570416,6.254196149278021,False,True
2026-01-03 03:00:00,510.00426504533056,48.33262249244491,51.66737750755509,5.5283746705900905,False,True
2026-01-03 04:00:00,501.8637326505459,49.68937789157568,50.31062210842432,5.474820355139475,False,True
2026-01-03 05:00:00,517.1461787356858,47.14230354405237,52.85769645594763,6.069587879805562,False,True
2026-01-03 06:00:00,546.3916980889624,42.268050318506276,57.731949681493724,6.3110752687163085,True,True
2026-01-03 07:00:00,564.0790416884346,39.32015971859424,60.67984028140576,7.610351982360144,True,True
2026-01-03 08:00:00,537.8419639006413,43.693006016559785,56.306993983440215,6.642812976416513,True,True
2026-01-03 09:00:00,568.278372885122,38.620271185812996,61.379728814187004,6.532846434371433,True,True
2026-01-03 10:00:00,473.6576890670702,54.39038515548831,45.60961484451169,5.917749723842233,True,True
2026-01-03 11:00:00,401.5779764504394,66.40367059159344,33.59632940840656,4.955813011691709,False,True
2026-01-03 12:00:00,357.31354882159644,73.7810751964006,26.218924803599407,4.737751907421145,False,True
2026-01-03 13:00:00,400.0122515704536,66.66462473825774,33.33537526174226,4.57092521531372,False,True
2026-01-03 14:00:00,396.789618037364,67.201730327106,32.798269672893994,4.8354010114284804,False,True
2026-01-03 15:00:00,463.21590850284787,56.13068191619202,43.86931808380798,5.803862378142521,False,True
2026-01-03 16:00:00,463.1674033576892,56.138766107051794,43.861233892948206,4.950747906251655,False,True
2026-01-03 17:00:00,499.1812206406631,50.13646322655614,49.86353677344386,6.214653346737714,False,True
2026-01-03 18:00:00,545.5624023038241,42.40626628269598,57.59373371730402,6.265267478731967,True,True
2026-01-03 19:00:00,612.3516691815321,31.274721803077988,68.725278196922,7.040370258553295,True,True
2026-01-03 20:00:00,539.0695579459668,43.48840700900553,56.51159299099447,7.106851730550363,True,True
2026-01-03 21:00:00,527.7259268591977,45.379012190133714,54.620987809866286,5.9910021837848015,True,True
2026-01-03 22:00:00,475.0925781226783,54.151236979553616,45.848763020446384,5.892747597691847,True,True
2026-01-03 23:00:00,525.3780988076442,45.77031686539264,54.22968313460736,5.6091121660120615,False,True
2026-01-04 00:00:00,458.65263965869934,56.89122672355011,43.10877327644989,5.3875270956666474,False,True
2026-01-04 01:00:00,454.2277379794171,57.628710336763824,42.371289663236176,4.734162006512137,False,True
2026-01-04 02:00:00,500.3629450939625,49.939509151006256,50.060490848993744,5.974045886750761,False,True
2026-01-04 03:00:00,431.58020033651576,61.40329994391405,38.59670005608595,5.953466813666546,False,True
2026-01-04 04:00:00,464.1218733249784,55.97968777917026,44.02031222082974,5.345992263980642,False,True
2026-01-04 05:00:00,494.25364889082573,50.957725184862376,49.042274815137624,6.5034330385777,False,True
2026-01-04 06:00:00,505.952751936681,49.00787467721983,50.99212532278017,5.956607525257136,True,True
2026-01-04 07:00:00,535.268449194272,44.121925134288006,55.878074865711994,6.305274726000819,True,True
2026-01-04 08:00:00,575.8701490793811,37.35497515343648,62.64502484656352,6.583654329710479,True,True
2026-01-04 09:00:00,550.82968366628,41.528386055620004,58.471613944379996,5.864175406816863,True,True
2026-01-04 10:00:00,516.5983920588855,47.23360132351909,52.76639867648091,7.185101669079074,True,True
2026-01-04 11:00:00,438.48917509798923,60.25180415033513,39.74819584966487,4.587368127440582,False,True
2026-01-04 12:00:00,468.1381710984351,55.31030481692748,44.68969518307252,5.335145345662913,False,True
2026-01-04 13:00:00,377.6735688101057,70.38773853164906,29.612261468350937,4.112149930979763,False,True
2026-01-04 14:00:00,438.2677982369424,60.288700293842936,39.711299706157064,4.9291287759282545,False,True
2026-01-04 15:00:00,435.10695896265145,60.8155068395581,39.1844931604419,4.863269772168279,False,True
2026-01-04 16:00:00,435.96891792901,60.67184701183167,39.32815298816833,5.663286118885342,False,True
2026-01-04 17:00:00,538.7736249023861,43.53772918293565,56.46227081706435,7.24918353040835,False,True
2026-01-04 18:00:00,617.6276193202699,30.39539677995502,69.60460322004498,7.476648734920924,True,True
2026-01-04 19:00:00,579.4433501839809,36.75944163600319,63.24055836399681,6.860435582911216,True,True
2026-01-04 20:00:00,580.4830310598013,36.58616149003312,63.41383850996688,7.020060350575608,True,True
2026-01-04 21:00:00,500.5237502550472,49.91270829082546,50.08729170917454,5.648165344232502,True,True
2026-01-04 22:00:00,507.67314213853024,48.72114297691162,51.27885702308838,5.7027609244758395,True,True
2026-01-04 23:00:00,536.4704805478481,43.92158657535865,56.07841342464135,6.828866385398368,False,True
2026-01-05 00:00:00,531.3414322117309,44.776427964711516,55.223572035288484,5.333944961529415,False,False
2026-01-05 01:00:00,540.2301113359343,43.294981444010936,56.705018555989064,6.084495698974191,False,False
2026-01-05 02:00:00,501.2298229696129,49.79502950506451,50.20497049493549,6.140796114429609,False,False
2026-01-05 03:00:00,514.806774245687,47.532204292385494,52.467795707614506,6.818677737360438,False,False
2026-01-05 04:00:00,565.9904493709112,39.00159177151481,60.99840822848519,7.292516262471457,False,False
2026-01-05 05:00:00,604.5330564762942,32.57782392061763,67.42217607938237,6.962359468084255,False,False
2026-01-05 06:00:00,547.2380971112233,42.12698381479611,57.87301618520389,6.55695659403185,True,False
2026-01-05 07:00:00,586.7309732958637,35.54483778402272,64.45516221597728,6.613637501838219,True,False
2026-01-05 08:00:00,601.7245698168107,33.04590503053155,66.95409496946846,6.436128587357183,True,False
2026-01-05 09:00:00,579.5472805249005,36.74211991251658,63.25788008748342,6.876859096698158,True,False
2026-01-05 10:00:00,562.7939282967945,39.53434528386758,60.46565471613242,6.919798491112485,True,False
2026-01-05 11:00:00,426.831216619114,62.19479723014767,37.80520276985233,5.4593912771986455,False,False
2026-01-05 12:00:00,414.29250552918427,64.28458241180262,35.71541758819738,5.761286742554,False,False
2026-01-05 13:00:00,379.6961310892083,70.05064481846529,29.949355181534713,4.616068682674616,False,False
2026-01-05 14:00:00,436.613891605898,60.56435139901699,39.43564860098301,6.3294700258635705,False,False
2026-01-05 15:00:00,443.8821829194922,59.35296951341796,40.64703048658204,5.521643863411209,False,False
2026-01-05 16:00:00,493.8996532347917,51.01672446086805,48.98327553913195,4.72614147527436,False,False
2026-01-05 17:00:00,558.5614936215131,40.239751063081144,59.760248936918856,6.938421263760253,False,False
2026-01-05 18:00:00,586.9777124802089,35.50371458663185,64.49628541336816,7.06563761936085,True,False
2026-01-05 19:00:00,531.3483155209462,44.77528074650896,55.22471925349104,6.170134464254826,True,False
2026-01-05 20:00:00,670.6803550547353,21.553274157544124,78.44672584245588,7.06568601894177,True,False
2026-01-05 21:00:00,567.391221026071,38.76812982898817,61.23187017101183,6.225269210581147,True,False
2026-01-05 22:00:00,525.5895428323381,45.735076194610315,54.264923805389685,6.020503199739711,True,False
2026-01-05 23:00:00,525.2854638165962,45.78575603056729,54.21424396943271,5.926104997759449,False,False
2026-01-06 00:00:00,438.6422264207959,60.22629559653401,39.77370440346599,5.412595766903104,False,False
2026-01-06 01:00:00,510.129063773766,48.31182270437233,51.68817729562767,6.391165355839195,False,False
2026-01-06 02:00:00,482.33358433114233,52.944402611476285,47.055597388523715,5.926373333410879,False,False
2026-01-06 03:00:00,582.9383163123207,36.17694728127988,63.82305271872012,6.528793418628034,False,False
2026-01-06 04:00:00,513.8555806792193,47.690736553463445,52.309263446536555,5.578263890567827,False,False
2026-01-06 05:00:00,464.8195303644266,55.86341160592889,44.13658839407111,5.98570861970798,False,False
2026-01-06 06:00:00,557.3853738491719,40.435771025138024,59.564228974861976,6.972043792497729,True,False
2026-01-06 07:00:00,615.8554470627035,30.690758822882746,69.30924117711726,7.237092835254529,True,False
2026-01-06 08:00:00,590.2158291971416,34.96402846714307,65.03597153285693,6.01918674688744,True,False
2026-01-06 09:00:00,584.5842608257981,35.90262319570032,64.09737680429967,6.992353197630258,True,False
2026-01-06 10:00:00,466.74950912586485,55.54174847902252,44.45825152097748,6.231246586145699,True,False
2026-01-06 11:00:00,479.7641729168452,53.372637847192465,46.627362152807535,6.861375621641568,False,False
2026-01-06 12:00:00,408.7987367463106,65.20021054228155,34.79978945771845,4.818218100846425,False,False
2026-01-06 13:00:00,423.09259970690914,62.81790004884847,37.18209995115153,6.29820748998506,False,False
2026-01-06 14:00:00,447.11123457575985,58.814794237373356,41.185205762626644,5.517699271739623,False,False
2026-01-06 15:00:00,473.4756860445573,54.42071899257379,45.57928100742621,6.509983743173341,False,False
2026-01-06 16:00:00,546.3692569922197,42.27179050129672,57.72820949870328,7.5862267830880015,False,False
2026-01-06 17:00:00,552.3836918886135,41.26938468523108,58.73061531476892,6.048376268520262,False,False
2026-01-06 18:00:00,592.6994271425441,34.550095476242646,65.44990452375735,7.448530582291404,True,False
2026-01-06 19:00:00,601.5438174155755,33.07603043073741,66.9239695692626,6.1735656647631485,True,False
2026-01-06 20:00:00,563.9099942150223,39.348334297496294,60.651665702503706,7.191056831836235,True,False
2026-01-06 21:00:00,563.110614073315,39.48156432111417,60.51843567888583,6.813913376967823,True,False
2026-01-06 22:00:00,550.5312594570897,41.57812342381838,58.42187657618162,6.419483161038824,True,False
2026-01-06 23:00:00,454.3235278334308,57.612745361094866,42.387254638905134,5.562669765013258,False,False
2026-01-07 00:00:00,458.2174161045306,56.96376398257823,43.03623601742177,6.04543585782189,False,False
2026-01-07 01:00:00,566.563994103411,38.90600098276483,61.09399901723517,7.232137230465497,False,False
2026-01-07 02:00:00,503.9170840306305,49.34715266156158,50.65284733843842,5.6269133247541685,False,False
2026-01-07 03:00:00,444.3914501686292,59.26809163856179,40.73190836143821,5.179704701250489,False,False
2026-01-07 04:00:00,555.2579333871033,40.79034443548279,59.20965556451721,5.935342275154094,False,False
2026-01-07 05:00:00,527.0512268479249,45.49146219201251,54.50853780798749,6.935571193975726,False,False
2026-01-07 06:00:00,544.5963163032286,42.56728061612856,57.43271938387144,7.241356488665762,True,False
2026-01-07 07:00:00,590.7718977888326,34.87135036852791,65.12864963147209,6.923100976772307,True,False
2026-01-07 08:00:00,566.1259720458249,38.97900465902918,61.02099534097082,6.798260825938379,True,False
2026-01-07 09:00:00,544.6045281076358,42.5659119820607,57.4340880179393,7.735704538347277,True,False
2026-01-07 10:00:00,582.2275167600044,36.295413873332606,63.704586126667394,6.492237168678213,True,False
2026-01-07 11:00:00,519.191554147038,46.80140764216033,53.19859235783967,5.7192510293646235,False,False
2026-01-07 12:00:00,479.9662877639098,53.338952039348364,46.661047960651636,6.052596929102314,False,False
2026-01-07 13:00:00,394.8015185652639,67.53308023912268,32.46691976087732,5.022269445005482,False,False
2026-01-07 14:00:00,465.0994385522681,55.816760241288655,44.183239758711345,4.975939291869303,False,False
2026-01-07 15:00:00,503.0209227068228,49.49651288219621,50.50348711780379,5.841175307425057,False,False
2026-01-07 16:00:00,524.4860387710879,45.91899353815201,54.08100646184799,6.769648958047487,False,False
2026-01-07 17:00:00,559.1142455906157,40.147625734897375,59.852374265102625,7.035833621308186,False,False
2026-01-07 18:00:00,611.5151941057552,31.414134315707464,68.58586568429254,7.984579709090074,True,False
2026-01-07 19:00:00,585.5503978064359,35.74160036559403,64.25839963440598,6.045737286587847,True,False
2026-01-07 20:00:00,601.8226863582767,33.02955227362055,66.97044772637945,7.279644498219923,True,False
2026-01-07 21:00:00,646.9144162605962,25.514263956567294,74.48573604343271,6.3956650816706615,True,False
2026-01-07 22:00:00,526.604079701779,45.56598671637017,54.43401328362983,6.133575487070197,True,False
2026-01-07 23:00:00,524.5764731455005,45.90392114241659,54.09607885758341,5.993570963653859,False,False
2026-01-08 00:00:00,511.29562372485833,48.11739604585694,51.88260395414306,5.72596071085108,False,False
2026-01-08 01:00:00,467.7265023424514,55.3789162762581,44.6210837237419,6.004545837529556,False,False
2026-01-08 02:00:00,516.224729097184,47.29587848380267,52.70412151619733,6.167595017088904,False,False
2026-01-08 03:00:00,428.7895674101381,61.868405431643644,38.131594568356356,4.200816226565918,False,False
2026-01-08 04:00:00,519.9113160430211,46.68144732616315,53.31855267383685,5.367466264921412,False,False
2026-01-08 05:00:00,541.053884740668,43.15768587655534,56.84231412344466,7.070831825078266,False,False
2026-01-08 06:00:00,545.3607964961284,42.43986725064527,57.56013274935473,6.222733831492718,True,False
2026-01-08 07:00:00,623.4546364466106,29.424227258898227,70.57577274110177,7.2783224566391596,True,False
2026-01-08 08:00:00,595.2372925252702,34.12711791245498,65.87288208754502,7.033192769993558,True,False
2026-01-08 09:00:00,603.0939791446767,32.81767014255388,67.18232985744612,7.193175332172157,True,False
2026-01-08 10:00:00,552.7761902967695,41.20396828387175,58.79603171612825,5.78357956284448,True,False
2026-01-08 11:00:00,452.7423606801578,57.876273219973704,42.123726780026296,5.315673277989776,False,False
2026-01-08 12:00:00,411.23475281770214,64.79420786371631,35.20579213628369,4.678614672852404,False,False
2026-01-08 13:00:00,419.48890305206936,63.418516157988435,36.581483842011565,5.571061690601403,False,False
2026-01-08 14:00:00,467.8865504505343,55.35224159157761,44.64775840842239,4.965743500689549,False,False
2026-01-08 15:00:00,454.75986171422926,57.540023047628466,42.459976952371534,5.7115791342868265,False,False
2026-01-08 16:00:00,525.5434276810279,45.742762053162025,54.257237946837975,6.50001635979269,False,False
2026-01-08 17:00:00,546.5134187365983,42.247763543900284,57.752236456099716,6.091542046031209,False,False
2026-01-08 18:00:00,596.6413711176224,33.8931048137296,66.1068951862704,6.954714554651424,True,False
2026-01-08 19:00:00,674.4207847190769,20.929869213487184,79.07013078651282,7.690986458362435,True,False
2026-01-08 20:00:00,609.1059813511034,31.81566977481609,68.18433022518391,7.643543909474834,True,False
2026-01-08 21:00:00,605.145243749312,32.47579270844799,67.52420729155202,7.172801528187037,True,False
2026-01-08 22:00:00,531.7801001428276,44.70331664286207,55.29668335713793,6.308660567167858,True,False
2026-01-08 23:00:00,531.6434048773482,44.72609918710864,55.27390081289136,5.708429852427469,False,False
2026-01-09 00:00:00,521.3822251760105,46.43629580399825,53.56370419600175,6.321764267490847,False,False
2026-01-09 01:00:00,481.6683375795317,53.055277070078056,46.944722929921944,6.467175647209134,False,False
2026-01-09 02:00:00,546.2657154408934,42.289047426517776,57.710952573482224,6.834401700492539,False,False
2026-01-09 03:00:00,543.4945114114987,42.75091476475021,57.24908523524979,6.121483317471975,False,False
2026-01-09 04:00:00,534.9093414315295,44.18177642807842,55.81822357192158,6.950876078167641,False,False
2026-01-09 05:00:00,516.4661651831852,47.2556391361358,52.7443608638642,5.301384388927134,False,False
2026-01-09 06:00:00,545.6981679416847,42.383638676385885,57.616361323614115,6.3515313753332485,True,False
2026-01-09 07:00:00,598.599283609669,33.56678606505517,66.43321393494483,6.340996713546726,True,False
2026-01-09 08:00:00,650.05513494864,24.990810841893342,75.00918915810666,7.753379927971295,True,False
2026-01-09 09:00:00,629.0979781683661,28.483670305272312,71.51632969472769,7.974865429077855,True,False
2026-01-09 10:00:00,583.5468422918068,36.07552628469887,63.92447371530113,6.117439361104715,True,False
2026-01-09 11:00:00,490.02123179918465,51.66312803346922,48.33687196653078,6.3812654751707445,False,False
2026-01-09 12:00:00,418.9008690434024,63.516521826099606,36.483478173900394,6.493562422575934,False,False
2026-01-09 13:00:00,438.3116323657904,60.28139460570161,39.71860539429839,5.3397277948872945,False,False
2026-01-09 14:00:00,402.7311727622788,66.21147120628687,33.78852879371313,5.97638868182993,False,False
2026-01-09 15:00:00,465.151305366712,55.80811577221467,44.19188422778533,4.95584933788824,False,False
2026-01-09 16:00:00,507.21129421159696,48.79811763140051,51.20188236859949,6.157802192987522,False,False
2026-01-09 17:00:00,597.961494437184,33.67308426046933,66.32691573953068,5.996340508557001,False,False
2026-01-09 18:00:00,640.1905695323646,26.63490507793923,73.36509492206076,7.976526655707248,True,False
2026-01-09 19:00:00,611.8425691448149,31.35957180919752,68.64042819080248,6.951921617695555,True,False
2026-01-09 20:00:00,590.5893126796961,34.901781220050644,65.09821877994935,6.3396918182659725,True,False
2026-01-09 21:00:00,563.1180427773193,39.48032620378012,60.51967379621988,5.796146149883143,True,False
2026-01-09 22:00:00,476.6687042145494,53.888549297575096,46.111450702424904,5.6814983720748105,True,False
2026-01-09 23:00:00,482.54642552921104,52.90892907846483,47.09107092153517,6.025049916844493,False,False
2026-01-10 00:00:00,445.0308595818492,59.16152340302514,40.83847659697486,6.204389540498644,False,True
2026-01-10 01:00:00,460.7703802607798,56.5382699565367,43.4617300434633,5.207007969345962,False,True
2026-01-10 02:00:00,466.33148306161115,55.611419489731475,44.388580510268525,5.679139180889871,False,True
2026-01-10 03:00:00,505.86476568254756,49.02253905290874,50.97746094709126,6.722750769353545,False,True
2026-01-10 04:00:00,504.8342190527512,49.19429682454146,50.80570317545854,5.627028470567278,False,True
2026-01-10 05:00:00,469.3441729106132,55.109304514897794,44.890695485102206,6.363610369869385,False,True
2026-01-10 06:00:00,532.0115959787557,44.66473400354071,55.33526599645929,6.900159122059335,True,True
2026-01-10 07:00:00,485.2218707035129,52.46302154941451,47.53697845058549,5.959435629893223,True,True
2026-01-10 08:00:00,598.1687065686563,33.638548905223956,66.36145109477604,7.4546640096124275,True,True
2026-01-10 09:00:00,580.8037961042762,36.5327006492873,63.4672993507127,6.073164904953552,True,True
2026-01-10 10:00:00,511.39108270947065,48.10148621508823,51.89851378491177,5.504249957455138,True,True
2026-01-10 11:00:00,446.25365079600687,58.957724867332196,41.042275132667804,4.759346418864208,False,True
2026-01-10 12:00:00,357.15075915949484,73.80820680675086,26.19179319324914,5.028644563469939,False,True
2026-01-10 13:00:00,358.65111785261337,73.55814702456445,26.441852975435552,4.671071018953508,False,True
2026-01-10 14:00:00,414.29682542429333,64.28386242928444,35.71613757071556,4.766930182065202,False,True
2026-01-10 15:00:00,469.63310519159535,55.06114913473411,44.93885086526589,5.486064556632074,False,True
2026-01-10 16:00:00,546.6674474861971,42.22209208563381,57.77790791436619,6.297046398046916,False,True
2026-01-10 17:00:00,556.2385184173759,40.62691359710402,59.37308640289598,6.84993459964687,False,True
2026-01-10 18:00:00,575.3461634889889,37.44230608516852,62.55769391483148,6.0754445772599865,True,True
2026-01-10 19:00:00,547.3331201925309,42.111146634578176,57.888853365421824,6.498504325482826,True,True
2026-01-10 20:00:00,575.8661254104675,37.35564576492209,62.64435423507791,6.031577011156977,True,True
2026-01-10 21:00:00,576.0162834628942,37.330619422850965,62.669380577149035,6.669134916304963,True,True
2026-01-10 22:00:00,517.0868144954136,47.152197584097735,52.847802415902265,5.810569429322312,True,True
2026-01-10 23:00:00,493.95234826733,51.007941955445006,48.992058044554994,5.664103300610743,False,True
2026-01-11 00:00:00,483.69236458453014,52.717939235911636,47.282060764088364,6.583937746601109,False,True
2026-01-11 01:00:00,466.04659800607857,55.658900332320236,44.341099667679764,4.757302724710976,False,True
2026-01-11 02:00:00,508.9419569401651,48.50967384330582,51.49032615669418,6.216042282958713,False,True
2026-01-11 03:00:00,463.63063004155066,56.06156165974156,43.93843834025844,5.88212272416336,False,True
2026-01-11 04:00:00,480.348676962378,53.27522050627034,46.72477949372966,6.31620194651128,False,True
2026-01-11 05:00:00,480.3528261473049,53.274528975449186,46.725471024550814,4.764281994941764,False,True
2026-01-11 06:00:00,481.86104546929755,53.02315908845041,46.97684091154959,5.562244142663852,True,True
2026-01-11 07:00:00,564.7235741205568,39.21273764657387,60.78726235342613,7.62222973203103,True,True
2026-01-11 08:00:00,586.2511703053206,35.62480494911324,64.37519505088676,6.6569127263168895,True,True
2026-01-11 09:00:00,546.5885120414167,42.23524799309721,57.76475200690279,7.030062849854721,True,True
2026-01-11 10:00:00,521.9967411416233,46.33387647639612,53.66612352360388,6.044229326743177,True,True
2026-01-11 11:00:00,490.67886566998146,51.55352238833642,48.44647761166358,6.200132108789987,False,True
2026-01-11 12:00:00,438.9159417083469,60.18067638194218,39.81932361805782,5.939392318386502,False,True
2026-01-11 13:00:00,422.59008923535384,62.90165179410769,37.09834820589231,5.078418837667211,False,True
2026-01-11 14:00:00,421.8734967787989,63.02108387020018,36.97891612979982,5.63765787237017,False,True
2026-01-11 15:00:00,427.29482980332557,62.11752836611241,37.88247163388759,5.884829142408121,False,True
2026-01-11 16:00:00,472.3506832099068,54.60821946501554,45.39178053498446,4.99490827869356,False,True
2026-01-11 17:00:00,556.8379308927363,40.527011517877284,59.472988482122716,6.2418367666601995,False,True
2026-01-11 18:00:00,611.4438502137195,31.426024964380073,68.57397503561992,7.662009074508777,True,True
2026-01-11 19:00:00,586.413741286159,35.597709785640156,64.40229021435985,6.726572248711956,True,True
2026-01-11 20:00:00,579.6818855184099,36.71968574693169,63.28031425306831,7.007179855434575,True,True
2026-01-11 21:00:00,483.06990858364327,52.82168190272611,47.17831809727389,5.250263307479826,True,True
2026-01-11 22:00:00,537.1674689979099,43.80542183368169,56.19457816631831,6.62661191657158,True,True
2026-01-11 23:00:00,499.7636572532054,50.0393904577991,49.9606095422009,6.53397375400671,False,True
2026-01-12 00:00:00,497.53990565775973,50.410015723706714,49.589984276293286,5.7818803765399736,False,False
2026-01-12 01:00:00,488.19686590302405,51.96718901616266,48.03281098383734,5.064943122155971,False,False
2026-01-12 02:00:00,501.3343707007198,49.777604883213364,50.222395116786636,6.5764969936558275,False,False
2026-01-12 03:00:00,558.8119793035486,40.19800344940857,59.80199655059143,6.286548684821402,False,False
2026-01-12 04:00:00,456.11894632302926,57.31350894616178,42.68649105383822,4.864086912088613,False,False
2026-01-12 05:00:00,543.9204189416421,42.679930176392986,57.320069823607014,5.956373062437292,False,False
2026-01-12 06:00:00,636.0185161158287,27.330247314028554,72.66975268597145,7.501500415509954,True,False
2026-01-12 07:00:00,581.931182022273,36.34480299628784,63.65519700371216,7.33049921809882,True,False
2026-01-12 08:00:00,601.4573429934171,33.090442834430476,66.90955716556952,7.324451670630344,True,False
2026-01-12 09:00:00,595.520647748051,34.0798920419915,65.9201079580085,8.234400985931263,True,False
2026-01-12 10:00:00,591.5326706182606,34.74455489695657,65.25544510304343,7.206685152752972,True,False
2026-01-12 11:00:00,490.3750979970423,51.60415033382628,48.39584966617372,6.279336457553266,False,False
2026-01-12 12:00:00,483.70131220879557,52.71644796520074,47.28355203479926,5.824466318170855,False,False
2026-01-12 13:00:00,401.2263224265695,66.46227959557176,33.53772040442824,4.775205411150363,False,False
2026-01-12 14:00:00,386.49467395762383,68.91755434039602,31.082445659603977,5.707296034440601,False,False
2026-01-12 15:00:00,461.9776844231477,56.33705259614206,43.66294740385794,6.039350200620438,False,False
2026-01-12 16:00:00,512.8278309172415,47.862028180459745,52.137971819540255,5.946436502175612,False,False
2026-01-12 17:00:00,549.7384002475432,41.710266625409474,58.289733374590526,6.690705383388881,False,False
2026-01-12 18:00:00,555.1005656792775,40.81657238678709,59.18342761321291,6.055183733825186,True,False
2026-01-12 19:00:00,629.1629320182658,28.472844663622364,71.52715533637763,7.630462929721186,True,False
2026-01-12 20:00:00,583.724824985483,36.0458625024195,63.9541374975805,7.153238074711657,True,False
2026-01-12 21:00:00,606.8244642465127,32.19592262558122,67.80407737441878,8.311637152576436,True,False
2026-01-12 22:00:00,546.1557835784657,42.30736940358904,57.69263059641096,5.856403967546878,True,False
2026-01-12 23:00:00,469.54470841817846,55.075881930303595,44.924118069696405,5.267963251644522,False,False
2026-01-13 00:00:00,520.0816306992803,46.65306155011996,53.34693844988004,6.918215287004262,False,False
2026-01-13 01:00:00,472.1422000653368,54.6429666557772,45.3570333442228,5.674303667839117,False,False
2026-01-13 02:00:00,555.7088731686836,40.71518780521941,59.28481219478059,6.406452115299851,False,False
2026-01-13 03:00:00,470.07953782641346,54.98674369559775,45.01325630440225,6.448246184203995,False,False
2026-01-13 04:00:00,448.4897636197177,58.585039396713725,41.414960603286275,5.001217240775586,False,False
2026-01-13 05:00:00,544.1219832495451,42.64633612507581,57.35366387492419,6.636797505774524,False,False
2026-01-13 06:00:00,525.0901363330707,45.81831061115488,54.18168938884512,7.1306290309647515,True,False
2026-01-13 07:00:00,611.1979803591814,31.467003273469764,68.53299672653023,7.232440538288819,True,False
2026-01-13 08:00:00,595.3457386183004,34.1090435636166,65.89095643638339,7.392458785758411,True,False
2026-01-13 09:00:00,594.0401148137222,34.3266475310463,65.67335246895371,6.988040278960442,True,False
2026-01-13 10:00:00,508.5500812231086,48.57498646281524,51.42501353718476,4.904836869038177,True,False
2026-01-13 11:00:00,475.4505699643716,54.09157167260473,45.90842832739527,6.2382940495224934,False,False
2026-01-13 12:00:00,476.81526782425976,53.86412202929004,46.13587797070996,4.102974515530891,False,False
2026-01-13 13:00:00,420.746981192754,63.20883646787434,36.79116353212566,4.554203646877802,False,False
2026-01-13 14:00:00,478.9240179024218,53.512663682929706,46.487336317070294,6.562828331683346,False,False
2026-01-13 15:00:00,510.303265154989,48.28278914083517,51.71721085916483,6.485458795142706,False,False
2026-01-13 16:00:00,516.8453889771162,47.19243517048064,52.80756482951936,5.877263934465902,False,False
2026-01-13 17:00:00,578.6570715183555,36.89048808027409,63.10951191972591,6.560712202679143,False,False
2026-01-13 18:00:00,597.9813921873964,33.66976796876726,66.33023203123274,6.591878176442754,True,False
2026-01-13 19:00:00,611.6253417834796,31.39577636942007,68.60422363057992,6.718916439850442,True,False
2026-01-13 20:00:00,545.8495729570425,42.358404507159584,57.641595492840416,6.313730630836243,True,False
2026-01-13 21:00:00,568.2340597156974,38.62765671405043,61.37234328594957,6.1515190276054605,True,False
2026-01-13 22:00:00,549.1182737369993,41.81362104383345,58.18637895616655,6.494099848772932,True,False
2026-01-13 23:00:00,522.2571529134299,46.29047451442836,53.70952548557164,6.32434220218657,False,False
2026-01-14 00:00:00,518.3499755939383,46.94167073434361,53.05832926565639,6.124063047087283,False,False
2026-01-14 01:00:00,492.5007917542363,51.24986804096062,48.75013195903938,5.911743072187592,False,False
2026-01-14 02:00:00,521.3347370352317,46.44421049412806,53.55578950587194,5.979196996485059,False,False
2026-01-14 03:00:00,545.9600049664842,42.33999917225263,57.66000082774737,6.219845250822856,False,False
2026-01-14 04:00:00,537.3117435724404,43.781376071259935,56.218623928740065,5.700040633942147,False,False
2026-01-14 05:00:00,585.1429956645048,35.809500722582534,64.19049927741747,5.993585513399405,False,False
2026-01-14 06:00:00,528.7977381464971,45.20037697558382,54.79962302441618,7.051714438775474,True,False
2026-01-14 07:00:00,632.2076611299132,27.965389811681142,72.03461018831885,7.389446834492551,True,False
2026-01-14 08:00:00,576.4972392924449,37.250460117925854,62.749539882074146,6.478190602001331,True,False
2026-01-14 09:00:00,608.4434414581486,31.926093090308562,68.07390690969143,7.407834762024353,True,False
2026-01-14 10:00:00,583.3184970332874,36.11358382778543,63.88641617221457,7.440385919533,True,False
2026-01-14 11:00:00,483.14177939929846,52.80970343345026,47.19029656654974,5.050562318100618,False,False
2026-01-14 12:00:00,440.15341855761903,59.97443024039683,40.02556975960317,5.57339263650596,False,False
2026-01-14 13:00:00,439.5507849197492,60.07486918004179,39.92513081995821,5.36088331395015,False,False
2026-01-14 14:00:00,423.89705798235826,62.683823669606966,37.316176330393034,5.14408748033508,False,False
2026-01-14 15:00:00,445.8969364989568,59.017177250173866,40.982822749826134,5.20370983437954,False,False
2026-01-14 16:00:00,559.1142285821555,40.147628569640744,59.852371430359256,7.452347390920611,False,False
2026-01-14 17:00:00,617.7113596198129,30.38144006336452,69.61855993663548,6.4024731590440105,False,False
2026-01-14 18:00:00,648.8436017771862,25.19273303713563,74.80726696286438,7.7008664903795205,True,False
2026-01-14 19:00:00,586.7372333674701,35.54379443875497,64.45620556124503,7.241783656481025,True,False
2026-01-14 20:00:00,605.3470584429008,32.442156926183195,67.5578430738168,8.176399907402146,True,False
2026-01-14 21:00:00,570.1480621806401,38.30865630322665,61.69134369677335,7.593551964743639,True,False
2026-01-14 22:00:00,562.0659230344738,39.65567949425436,60.34432050574564,7.015926958677625,True,False
2026-01-14 23:00:00,545.9134105477073,42.347764908715455,57.652235091284545,7.041721160931852,False,False
2026-01-15 00:00:00,473.10264542105347,54.482892429824425,45.517107570175575,5.312558952160978,False,False
2026-01-15 01:00:00,502.6075101956585,49.565414967390254,50.434585032609746,5.594439057624442,False,False
2026-01-15 02:00:00,501.3821868364255,49.76963552726242,50.23036447273758,5.8295054171981775,False,False
2026-01-15 03:00:00,459.9351508940997,56.67747485098338,43.32252514901662,5.570192827017208,False,False
2026-01-15 04:00:00,530.1944739469349,44.967587675510856,55.032412324489144,6.334578987993658,False,False
2026-01-15 05:00:00,573.859908085462,37.69001531908965,62.30998468091035,6.1376888266536795,False,False
2026-01-15 06:00:00,551.6280618028961,41.39532303285065,58.60467696714935,6.292022426332409,True,False
2026-01-15 07:00:00,604.0358200620767,32.66069665632055,67.33930334367945,7.304170010183796,True,False
2026-01-15 08:00:00,608.0492212302565,31.991796461623913,68.00820353837608,6.473891530069034,True,False
2026-01-15 09:00:00,568.8966553277095,38.51722411204842,61.48277588795158,6.335950294745233,True,False
2026-01-15 10:00:00,541.1387329924137,43.14354450126439,56.85645549873561,7.119815013392395,True,False
2026-01-15 11:00:00,482.37151054085365,52.9380815765244,47.0619184234756,6.253123945393915,False,False
2026-01-15 12:00:00,459.31240166002453,56.78126638999591,43.21873361000409,5.917511885900158,False,False
2026-01-15 13:00:00,456.4681337599597,57.25531104000672,42.74468895999328,5.380030521708906,False,False
2026-01-15 14:00:00,403.229535450163,66.12841075830617,33.871589241693826,5.451849112551496,False,False
2026-01-15 15:00:00,472.8083743201498,54.531937613308365,45.468062386691635,5.480196248386036,False,False
2026-01-15 16:00:00,532.4688234151764,44.58852943080394,55.41147056919606,6.018858175985517,False,False
2026-01-15 17:00:00,554.1516513040001,40.97472478266665,59.02527521733335,6.722050441657505,False,False
2026-01-15 18:00:00,547.7149451087104,42.047509148548265,57.952490851451735,6.525207206455757,True,False
2026-01-15 19:00:00,621.4266418915772,29.762226351403797,70.2377736485962,7.090772277813969,True,False
2026-01-15 20:00:00,623.6582073526357,29.39029877456072,70.60970122543928,7.363029016035132,True,False
2026-01-15 21:00:00,575.0648992234246,37.48918346276257,62.51081653723743,6.282511128629173,True,False
2026-01-15 22:00:00,509.14932350915143,48.47511274847476,51.52488725152524,5.85883067052748,True,False
2026-01-15 23:00:00,529.3931808905398,45.10113651824336,54.89886348175664,6.585722700238091,False,False
2026-01-16 00:00:00,491.1153013452798,51.48078310912003,48.51921689087997,6.557221041547121,False,False
2026-01-16 01:00:00,513.4102610125134,47.76495649791443,52.23504350208557,5.918094837923767,False,False
2026-01-16 02:00:00,498.8956066189941,50.18406556350098,49.81593443649902,5.9268151620377845,False,False
2026-01-16 03:00:00,516.3214168522848,47.27976385795254,52.72023614204746,6.067814784857868,False,False
2026-01-16 04:00:00,516.4585912960652,47.25690145065581,52.74309854934419,5.611512059212139,False,False
2026-01-16 05:00:00,526.0424405163579,45.659593247273676,54.340406752726324,6.2595156848906806,False,False
2026-01-16 06:00:00,558.6031227918281,40.232812868028645,59.767187131971355,6.052020580518477,True,False
2026-01-16 07:00:00,542.9503621699841,42.84160630500264,57.15839369499736,5.960932754968523,True,False
2026-01-16 08:00:00,606.0559922479606,32.324001292006564,67.67599870799344,7.173521212889537,True,False
2026-01-16 09:00:00,583.5723838069678,36.07126936550537,63.92873063449463,7.192768096694702,True,False
2026-01-16 10:00:00,577.8607046629727,37.02321588950455,62.97678411049545,7.30676660333793,True,False
2026-01-16 11:00:00,488.15790489667074,51.97368251722154,48.02631748277846,5.8362575014287605,False,False
2026-01-16 12:00:00,401.58908367551106,66.40181938741483,33.59818061258517,5.013661039381874,False,False
2026-01-16 13:00:00,418.40224513639606,63.59962581060066,36.40037418939934,5.487472008387863,False,False
2026-01-16 14:00:00,435.1041707171721,60.815971547137984,39.184028452862016,5.054473351266194,False,False
2026-01-16 15:00:00,465.5224371755762,55.7462604707373,44.2537395292627,6.035610853371478,False,False
2026-01-16 16:00:00,520.2735486605877,46.62107522323537,53.37892477676463,5.508597999778336,False,False
2026-01-16 17:00:00,609.6942877863032,31.717618702282802,68.2823812977172,7.501633084678586,False,False
2026-01-16 18:00:00,562.2491560857217,39.62514065237972,60.37485934762028,6.542564554913067,True,False
2026-01-16 19:00:00,643.7304672024957,26.044922132917392,73.95507786708261,7.556396202620879,True,False
2026-01-16 20:00:00,539.4105946287248,43.431567561879206,56.568432438120794,6.825141554145664,True,False
2026-01-16 21:00:00,548.766279429838,41.87228676169366,58.12771323830634,6.384004190413672,True,False
2026-01-16 22:00:00,530.243327467908,44.959445422015335,55.040554577984665,6.026367536332181,True,False
2026-01-16 23:00:00,463.7004779877965,56.049920335367254,43.950079664632746,5.443866401988745,False,False
2026-01-17 00:00:00,482.47294036932396,52.92117660511268,47.07882339488732,6.426510135358805,False,True
2026-01-17 01:00:00,464.03076457804497,55.99487257032584,44.00512742967416,5.816150250710825,False,True
2026-01-17 02:00:00,508.931217787755,48.511463702040835,51.488536297959165,6.156104627778728,False,True
2026-01-17 03:00:00,422.4852565894953,62.91912390175079,37.08087609824921,5.188800179909692,False,True
2026-01-17 04:00:00,448.7116481367384,58.548058643876935,41.451941356123065,5.689892455596458,False,True
2026-01-17 05:00:00,524.6668654131028,45.88885576448287,54.11114423551713,7.164419385927099,False,True
2026-01-17 06:00:00,495.9746602082754,50.67088996528744,49.32911003471256,5.927152475631101,True,True
2026-01-17 07:00:00,559.5454951606794,40.07575080655344,59.92424919344656,6.746003131108381,True,True
2026-01-17 08:00:00,603.1017099209035,32.81638167984941,67.1836183201506,7.58815179659371,True,True
2026-01-17 09:00:00,579.6954420800827,36.717426319986224,63.282573680013776,6.495867355022598,True,True
2026-01-17 10:00:00,539.7924209066241,43.36792984889598,56.63207015110402,6.631306515118012,True,True
2026-01-17 11:00:00,445.7628314953018,59.03952808411637,40.96047191588363,5.642971223970622,False,True
2026-01-17 12:00:00,440.6326204756371,59.894563254060486,40.105436745939514,5.267377457534152,False,True
2026-01-17 13:00:00,460.48653213584413,56.585577977359314,43.414422022640686,5.668799266095682,False,True
2026-01-17 14:00:00,412.3221953139926,64.61296744766788,35.387032552332116,4.948643370132013,False,True
2026-01-17 15:00:00,461.4713499537352,56.42144167437746,43.57855832562254,5.833241776393271,False,True
2026-01-17 16:00:00,533.1266301007281,44.47889498321198,55.52110501678802,7.1081537726150605,False,True
2026-01-17 17:00:00,549.6132994072583,41.73111676545695,58.26888323454305,6.766064254877351,False,True
2026-01-17 18:00:00,601.9736722816812,33.00438795305314,66.99561204694686,6.769800875999617,True,True
2026-01-17 19:00:00,573.9858933143877,37.66901778093539,62.33098221906461,6.24000325779339,True,True
2026-01-17 20:00:00,540.6510570776799,43.224823820386696,56.775176179613304,7.093789690751032,True,True
2026-01-17 21:00:00,554.148431716734,40.97526138054434,59.02473861945566,5.0932755373245975,True,True
2026-01-17 22:00:00,478.49600312648954,53.58399947891841,46.41600052108159,5.123259738193732,True,True
2026-01-17 23:00:00,430.58982066075976,61.56836322320671,38.43163677679329,6.020050517251434,False,True
2026-01-18 00:00:00,437.88962776386103,60.35172870602317,39.64827129397683,4.848845409469003,False,True
2026-01-18 01:00:00,509.08330748211574,48.486115419647376,51.513884580352624,7.1724196795844115,False,True
2026-01-18 02:00:00,435.95957189979623,60.673404683367295,39.326595316632705,4.5733535663639735,False,True
2026-01-18 03:00:00,500.3854666751402,49.9357555541433,50.0642444458567,5.803883308616635,False,True
2026-01-18 04:00:00,518.8076350463641,46.86539415893931,53.13460584106069,5.306488282984729,False,True
2026-01-18 05:00:00,484.2701182904092,52.621646951598464,47.378353048401536,6.034012646918208,False,True
2026-01-18 06:00:00,559.1879046641076,40.13534922264874,59.86465077735126,6.477448512289847,True,True
2026-01-18 07:00:00,605.7003834560899,32.38326942398502,67.61673057601499,6.930365820728625,True,True
2026-01-18 08:00:00,571.7897367611498,38.035043873141696,61.964956126858304,6.3245336957211915,True,True
2026-01-18 09:00:00,553.4295284267388,41.095078595543534,58.904921404456466,6.790625899755151,True,True
2026-01-18 10:00:00,509.5185942739604,48.41356762100661,51.58643237899339,5.680351680000136,True,True
2026-01-18 11:00:00,442.8575043204741,59.52374927992099,40.47625072007901,5.699731679907026,False,True
2026-01-18 12:00:00,398.86351181989676,66.85608136335054,33.14391863664946,5.303240212881744,False,True
2026-01-18 13:00:00,467.8973855854871,55.35043573575216,44.64956426424784,5.842470392711413,False,True
2026-01-18 14:00:00,448.367714776044,58.60538087065933,41.39461912934067,5.4270298833204,False,True
2026-01-18 15:00:00,470.4156008107997,54.93073319820005,45.06926680179995,5.70252376650922,False,True
2026-01-18 16:00:00,476.81889570645467,53.863517382257555,46.136482617742445,4.558375055719688,False,True
2026-01-18 17:00:00,566.4151520362299,38.93080799396169,61.06919200603831,7.08791168388159,False,True
2026-01-18 18:00:00,602.6095494562334,32.8984084239611,67.1015915760389,7.37409369997064,True,True
2026-01-18 19:00:00,574.4556736510972,37.590721058150464,62.409278941849536,7.057353390673683,True,True
2026-01-18 20:00:00,557.1720522388538,40.47132462685771,59.52867537314229,7.244116850325998,True,True
2026-01-18 21:00:00,508.9173886005408,48.51376856657653,51.48623143342347,6.340296266372027,True,True
2026-01-18 22:00:00,536.736300469737,43.87728325504383,56.12271674495617,7.652963167823279,True,True
2026-01-18 23:00:00,495.8212785402573,50.69645357662378,49.30354642337622,5.870685087662581,False,True
2026-01-19 00:00:00,476.13692875373874,53.977178541043536,46.022821458956464,5.529204497616816,False,False
2026-01-19 01:00:00,485.4134271179572,52.43109548034046,47.56890451965954,5.169731329065909,False,False
2026-01-19 02:00:00,581.7256787118469,36.37905354802552,63.62094645197448,6.802514557019598,False,False
2026-01-19 03:00:00,447.00261541796567,58.83289743033906,41.16710256966094,5.083709040657235,False,False
2026-01-19 04:00:00,509.7568071148166,48.3738654808639,51.6261345191361,6.217732215724597,False,False
2026-01-19 05:00:00,481.59035228648605,53.068274618918984,46.931725381081016,5.14285208411012,False,False
2026-01-19 06:00:00,518.6607599417111,46.88987334304814,53.11012665695186,6.098329721991043,True,False
2026-01-19 07:00:00,615.1662817778114,30.805619703698106,69.19438029630189,7.467176416478428,True,False
2026-01-19 08:00:00,553.9754421514899,41.004092974751686,58.995907025248314,6.246110918435054,True,False
2026-01-19 09:00:00,585.049640113019,35.8250599811635,64.17494001883651,6.93997693785124,True,False
2026-01-19 10:00:00,529.8948637379685,45.017522710338575,54.982477289661425,6.225466162484858,True,False
2026-01-19 11:00:00,457.33271927226883,57.11121345462187,42.88878654537813,5.566129570729174,False,False
2026-01-19 12:00:00,475.0202411405581,54.163293143240324,45.836706856759676,5.293506510178322,False,False
2026-01-19 13:00:00,460.54565298608856,56.57572450231858,43.42427549768142,5.581566294808104,False,False
2026-01-19 14:00:00,454.6150185297277,57.56416357837871,42.43583642162129,5.616140633371859,False,False
2026-01-19 15:00:00,448.7342087527928,58.5442985412012,41.4557014587988,5.407539758309349,False,False
2026-01-19 16:00:00,455.11239378165243,57.481267703057924,42.518732296942076,6.257831529410588,False,False
2026-01-19 17:00:00,610.2631836376776,31.622802727053735,68.37719727294626,6.915411307358912,False,False
2026-01-19 18:00:00,604.0583392259953,32.65694346233412,67.34305653766589,7.710204088480878,True,False
2026-01-19 19:00:00,635.1124615426357,27.481256409560707,72.5187435904393,6.609855842196911,True,False
2026-01-19 20:00:00,594.0660807825354,34.32231986957742,65.67768013042257,8.285848698065223,True,False
2026-01-19 21:00:00,541.9868264874408,43.00219558542654,56.99780441457346,5.970375383751664,True,False
2026-01-19 22:00:00,498.30092637521375,50.28317893746437,49.71682106253563,6.630695450975884,True,False
2026-01-19 23:00:00,527.3693591300985,45.43844014498358,54.56155985501642,6.601544432051452,False,False
2026-01-20 00:00:00,558.7395397789594,40.21007670350677,59.78992329649323,6.571326178945748,False,False
2026-01-20 01:00:00,509.22201064396745,48.462998226005425,51.537001773994575,5.614085139041605,False,False
2026-01-20 02:00:00,532.6414294791551,44.55976175347415,55.44023824652585,6.298334016689087,False,False
2026-01-20 03:00:00,481.7691650495453,53.03847249174245,46.96152750825755,4.733868798023972,False,False
2026-01-20 04:00:00,526.4148346121478,45.59752756464203,54.40247243535797,6.195945618131312,False,False
2026-01-20 05:00:00,546.802162211118,42.19963963148034,57.80036036851966,7.029661694309989,False,False
2026-01-20 06:00:00,553.8696326255481,41.02172789574199,58.97827210425801,7.691692276438912,True,False
2026-01-20 07:00:00,600.6381647737236,33.22697253771274,66.77302746228726,7.940340084167769,True,False
2026-01-20 08:00:00,607.1802362479415,32.136627292009756,67.86337270799024,7.086733408398611,True,False
2026-01-20 09:00:00,579.5764639879379,36.73725600201034,63.26274399798966,6.476859068391811,True,False
2026-01-20 10:00:00,587.0764471780487,35.48725880365854,64.51274119634147,6.987545907945255,True,False
2026-01-20 11:00:00,493.15683172013945,51.14052804664342,48.85947195335658,5.603970279584432,False,False
2026-01-20 12:00:00,456.44891363338655,57.258514394435565,42.741485605564435,5.677630565285476,False,False
2026-01-20 13:00:00,461.0571117627578,56.49048137287369,43.50951862712631,5.723752853197693,False,False
2026-01-20 14:00:00,506.6491110418431,48.89181482635948,51.10818517364052,6.138421014104054,False,False
2026-01-20 15:00:00,433.2236393559773,61.129393440670455,38.870606559329545,4.822774968510938,False,False
2026-01-20 16:00:00,558.001190613875,40.33313489768751,59.66686510231249,6.232019295316928,False,False
2026-01-20 17:00:00,577.112616126909,37.14789731218184,62.85210268781816,6.773151029415556,False,False
2026-01-20 18:00:00,641.3316262486649,26.444728958555853,73.55527104144414,7.856076110552298,True,False
2026-01-20 19:00:00,597.3605270848793,33.773245485853444,66.22675451414656,7.026627818930357,True,False
2026-01-20 20:00:00,627.3475509046874,28.7754081825521,71.2245918174479,7.0827844387928796,True,False
2026-01-20 21:00:00,564.872384267826,39.18793595536234,60.81206404463766,5.618539703831362,True,False
2026-01-20 22:00:00,507.6948645437919,48.71752257603469,51.28247742396531,5.190656879784725,True,False
2026-01-20 23:00:00,543.7974250543615,42.700429157606415,57.299570842393585,6.292268812114003,False,False
2026-01-21 00:00:00,512.2407973739954,47.959867104334094,52.040132895665906,6.009248445670539,False,False
2026-01-21 01:00:00,518.8200092220017,46.86333179633305,53.13666820366695,5.860673771053016,False,False
2026-01-21 02:00:00,461.71272080441383,56.381213199264366,43.618786800735634,5.595418957952385,False,False
2026-01-21 03:00:00,504.4988954785798,49.25018408690337,50.74981591309663,5.358373870036065,False,False
2026-01-21 04:00:00,511.4628254762011,48.08952908729982,51.91047091270018,6.978831524471449,False,False
2026-01-21 05:00:00,590.1600960219981,34.973317329666976,65.02668267033303,6.791736083843259,False,False
2026-01-21 06:00:00,500.78237946819803,49.86960342196699,50.13039657803301,5.394666191884582,True,False
2026-01-21 07:00:00,588.4364783054164,35.260586949097274,64.73941305090273,7.005704719261451,True,False
2026-01-21 08:00:00,629.6334489675252,28.394425172079142,71.60557482792086,7.106652105955298,True,False
2026-01-21 09:00:00,599.2129799370181,33.46450334383032,66.53549665616967,7.397035235003392,True,False
2026-01-21 10:00:00,539.3212276379573,43.44646206034044,56.55353793965956,5.982311331113358,True,False
2026-01-21 11:00:00,477.37904478078,53.770159203203335,46.229840796796665,6.40070392386326,False,False
2026-01-21 12:00:00,466.31373975830917,55.61437670694846,44.38562329305154,5.989195450091139,False,False
2026-01-21 13:00:00,443.6978564488629,59.38369059185617,40.61630940814383,5.004845518427845,False,False
2026-01-21 14:00:00,416.38335269908197,63.936107883486336,36.063892116513664,5.541857938389131,False,False
2026-01-21 15:00:00,468.0701943520725,55.32163427465457,44.67836572534543,5.643167504449427,False,False
2026-01-21 16:00:00,537.4958336411978,43.750694393133706,56.249305606866294,6.299157362002364,False,False
2026-01-21 17:00:00,598.8910214125627,33.5181630979062,66.48183690209379,7.8603078947654375,False,False
2026-01-21 18:00:00,689.9959534310856,18.334007761485736,81.66599223851426,7.718482023748669,True,False
2026-01-21 19:00:00,606.1236313424648,32.312728109589195,67.68727189041081,7.3959082675798085,True,False
2026-01-21 20:00:00,589.8762205008607,35.02062991652323,64.97937008347677,6.390700130314288,True,False
2026-01-21 21:00:00,615.6608366134839,30.723193897752687,69.27680610224732,8.037603067485831,True,False
2026-01-21 22:00:00,521.1212254770169,46.47979575383052,53.52020424616948,5.9970824433210606,True,False
2026-01-21 23:00:00,550.1196190821946,41.64673015296756,58.35326984703244,6.5398303183678035,False,False
2026-01-22 00:00:00,472.9208718034088,54.5131880327652,45.4868119672348,4.962490904848298,False,False
2026-01-22 01:00:00,535.9417178806584,44.00971368655693,55.99028631344307,6.4029833685898465,False,False
2026-01-22 02:00:00,507.1252315508268,48.81246140819553,51.18753859180447,5.741929687803351,False,False
2026-01-22 03:00:00,516.6627438254727,47.22287602908788,52.77712397091212,5.714677999191686,False,False
2026-01-22 04:00:00,522.1509844582728,46.308169256954535,53.691830743045465,6.6902822739572425,False,False
2026-01-22 05:00:00,576.6530061554029,37.22449897409952,62.77550102590048,6.001556694913111,False,False
2026-01-22 06:00:00,574.0883787807609,37.65193686987319,62.34806313012681,6.907046973454113,True,False
2026-01-22 07:00:00,548.2919156245628,41.951347395906204,58.048652604093796,6.889710741523878,True,False
2026-01-22 08:00:00,613.239928402522,31.12667859957967,68.87332140042034,7.462756664205263,True,False
2026-01-22 09:00:00,617.762652696667,30.372891217222165,69.62710878277784,8.065446962094912,True,False
2026-01-22 10:00:00,573.9530982389354,37.674483626844115,62.325516373155885,7.222417585470281,True,False
2026-01-22 11:00:00,505.0815669119631,49.15307218133948,50.84692781866052,6.722231283490007,False,False
2026-01-22 12:00:00,458.2557245964301,56.95737923392832,43.04262076607168,5.434880943262619,False,False
2026-01-22 13:00:00,372.7163860719145,71.21393565468092,28.786064345319076,4.716406347273697,False,False
2026-01-22 14:00:00,441.79674176359663,59.70054303940056,40.29945696059944,6.312396572598304,False,False
2026-01-22 15:00:00,543.0804944468076,42.81991759219873,57.18008240780127,6.389813316424457,False,False
2026-01-22 16:00:00,562.6621831772319,39.556302803794686,60.443697196205314,8.196495202197351,False,False
2026-01-22 17:00:00,538.6525578683215,43.557907021946406,56.442092978053594,7.218350604978541,False,False
2026-01-22 18:00:00,657.0157257447859,23.830712375869023,76.16928762413097,7.863518455088675,True,False
2026-01-22 19:00:00,647.1536446144778,25.4743925642537,74.5256074357463,7.686174861426167,True,False
2026-01-22 20:00:00,611.9530777963942,31.341153700600977,68.65884629939902,6.892553427776997,True,False
2026-01-22 21:00:00,597.4533680134664,33.757771997755604,66.24222800224439,5.96332770730996,True,False
2026-01-22 22:00:00,542.9026865604966,42.84955223991723,57.15044776008277,6.783076830671558,True,False
2026-01-22 23:00:00,443.51419921668753,59.41430013055208,40.58569986944792,4.791116796343122,False,False
2026-01-23 00:00:00,535.608785808889,44.065202365185165,55.934797634814835,5.84682375612374,False,False
2026-01-23 01:00:00,545.8027288906163,42.36621185156395,57.63378814843605,5.940481755097453,False,False
2026-01-23 02:00:00,554.4630008781305,40.922833186978245,59.077166813021755,6.871009069816042,False,False
2026-01-23 03:00:00,432.709890814366,61.215018197605666,38.784981802394334,6.025491474581342,False,False
2026-01-23 04:00:00,504.4463246601001,49.258945889983316,50.741054110016684,5.74428501640558,False,False
2026-01-23 05:00:00,499.41876026589824,50.096873289016955,49.903126710983045,5.930865906344316,False,False
2026-01-23 06:00:00,483.3611933434437,52.773134442759385,47.226865557240615,5.5779805125390345,True,False
2026-01-23 07:00:00,614.2545481599694,30.957575306671757,69.04242469332824,6.890560850345532,True,False
2026-01-23 08:00:00,657.4333543163763,23.761107613937295,76.2388923860627,8.64355466091433,True,False
2026-01-23 09:00:00,535.0668374959838,44.1555270840027,55.8444729159973,5.614094593086763,True,False
2026-01-23 10:00:00,563.7434172039708,39.376097132671525,60.623902867328475,6.755071644102045,True,False
2026-01-23 11:00:00,459.10299331078903,56.81616778153516,43.18383221846484,5.5728125739869245,False,False
2026-01-23 12:00:00,391.29031239033066,68.11828126827822,31.881718731721776,4.589097621571491,False,False
2026-01-23 13:00:00,453.9724634564286,57.67125609059522,42.32874390940478,4.930304931730031,False,False
2026-01-23 14:00:00,459.0298952736451,56.82835078772581,43.17164921227419,6.221292724448736,False,False
2026-01-23 15:00:00,407.81305751749863,65.36449041375023,34.63550958624977,4.677702121908299,False,False
2026-01-23 16:00:00,495.88042420728243,50.68659596545293,49.31340403454707,6.327289246697554,False,False
2026-01-23 17:00:00,570.8738549609435,38.187690839842745,61.812309160157255,6.704994054633214,False,False
2026-01-23 18:00:00,669.7880259710511,21.701995671491492,78.29800432850851,7.797402783454465,True,False
2026-01-23 19:00:00,541.335602518768,43.11073291353866,56.88926708646134,6.541907680462282,True,False
2026-01-23 20:00:00,608.9857904331193,31.835701594480113,68.16429840551989,6.2922723980973805,True,False
2026-01-23 21:00:00,556.3673396291776,40.60544339513705,59.39455660486295,6.036915018018908,True,False
2026-01-23 22:00:00,549.4065496997872,41.765575050035466,58.234424949964534,7.0073214818858975,True,False
2026-01-23 23:00:00,532.2090122358376,44.631831294027066,55.368168705972934,5.608604287429412,False,False
2026-01-24 00:00:00,441.3448641119661,59.775855981338985,40.224144018661015,6.097746890608469,False,True
2026-01-24 01:00:00,477.6203812003752,53.72993646660413,46.27006353339587,5.488516639533117,False,True
2026-01-24 02:00:00,447.6594379908901,58.72342700151832,41.27657299848168,5.1893801251273475,False,True
2026-01-24 03:00:00,482.77263314576834,52.871227809038615,47.128772190961385,5.197419533399673,False,True
2026-01-24 04:00:00,507.80329501866817,48.69945083022197,51.30054916977803,6.8401535713849055,False,True
2026-01-24 05:00:00,525.98189124157,45.66968479307166,54.33031520692834,6.201284336989255,False,True
2026-01-24 06:00:00,518.4795983086082,46.92006694856531,53.07993305143469,5.256875290381334,True,True
2026-01-24 07:00:00,538.9808154588004,43.503197423533265,56.496802576466735,7.681648692471899,True,True
2026-01-24 08:00:00,552.56447037646,41.23925493725666,58.76074506274334,6.769712259001624,True,True
2026-01-24 09:00:00,546.1633295074455,42.30611174875908,57.69388825124092,6.821277936125005,True,True
2026-01-24 10:00:00,479.9162149914948,53.347297501417536,46.652702498582464,6.564400238743926,True,True
2026-01-24 11:00:00,432.45823547797113,61.256960753671486,38.743039246328514,5.313163551827567,False,True
2026-01-24 12:00:00,386.21217460341836,68.96463756609694,31.03536243390306,5.147770856875865,False,True
2026-01-24 13:00:00,443.53392986674316,59.411011688876144,40.588988311123856,5.423452708978086,False,True
2026-01-24 14:00:00,433.9645453209892,61.005909113168464,38.994090886831536,5.020572552762175,False,True
2026-01-24 15:00:00,457.234816092106,57.12753065131567,42.87246934868433,5.606127756816565,False,True
2026-01-24 16:00:00,445.82024660565435,59.02995889905761,40.97004110094239,5.886412659466003,False,True
2026-01-24 17:00:00,535.8609316079884,44.023178065335266,55.976821934664734,6.049832089660566,False,True
2026-01-24 18:00:00,619.2507443658835,30.124875939019415,69.87512406098058,6.746414398880921,True,True
2026-01-24 19:00:00,563.9471761565106,39.34213730724822,60.65786269275178,7.618869754152094,True,True
2026-01-24 20:00:00,619.0170977339272,30.163817044345464,69.83618295565454,7.422919057108161,True,True
2026-01-24 21:00:00,559.60950587704,40.065082353826675,59.934917646173325,7.230325206463055,True,True
2026-01-24 22:00:00,465.7834655290143,55.70275574516428,44.29724425483572,5.924597863438908,True,True
2026-01-24 23:00:00,451.8503782372697,58.02493696045505,41.97506303954495,5.614245489084528,False,True
2026-01-25 00:00:00,470.84665193500734,54.85889134416544,45.14110865583456,4.737257394543336,False,True
2026-01-25 01:00:00,467.4300762870914,55.42832061881809,44.57167938118191,5.537830264859333,False,True
2026-01-25 02:00:00,445.2592592395785,59.123456793403584,40.876543206596416,5.623373974294989,False,True
2026-01-25 03:00:00,482.2800870206143,52.953318829897626,47.046681170102374,5.481667790601254,False,True
2026-01-25 04:00:00,544.8807100847074,42.51988165254876,57.48011834745124,6.449531688857662,False,True
2026-01-25 05:00:00,476.8153057420554,53.86411570965743,46.13588429034257,5.760410722627212,False,True
2026-01-25 06:00:00,457.71178297738663,57.048036170435566,42.951963829564434,5.55041483277495,True,True
2026-01-25 07:00:00,545.6380983952439,42.39365026745935,57.60634973254065,6.345343940460763,True,True
2026-01-25 08:00:00,562.4650191484245,39.58916347526258,60.41083652473742,6.803950551725381,True,True
2026-01-25 09:00:00,589.0125271027006,35.164578816216576,64.83542118378342,6.620970893349464,True,True
2026-01-25 10:00:00,489.7418423810591,51.70969293649015,48.29030706350985,6.007235801193572,True,True
2026-01-25 11:00:00,465.5493655276316,55.741772412061394,44.258227587938606,5.813470028465002,False,True
2026-01-25 12:00:00,426.7689474592203,62.205175423463274,37.794824576536726,4.869904181612929,False,True
2026-01-25 13:00:00,462.97066962680725,56.1715550621988,43.8284449378012,6.199961341745904,False,True
2026-01-25 14:00:00,409.61975046792605,65.06337492201233,34.93662507798767,4.226205652296284,False,True
2026-01-25 15:00:00,452.3149445948888,57.947509234185205,42.052490765814795,5.267268554369739,False,True
2026-01-25 16:00:00,508.68238522624983,48.55293579562503,51.44706420437497,6.861785907432529,False,True
2026-01-25 17:00:00,468.86837120561887,55.188604799063526,44.811395200936474,5.850269698942131,False,True
2026-01-25 18:00:00,524.6740242777728,45.8876626203712,54.1123373796288,6.072373273283484,True,True
2026-01-25 19:00:00,578.276848269185,36.953858621802496,63.046141378197504,7.055770872221237,True,True
2026-01-25 20:00:00,544.0575901153288,42.65706831411187,57.34293168588813,6.397198534292723,True,True
2026-01-25 21:00:00,521.0764940735849,46.48725098773586,53.51274901226414,5.404039405628655,True,True
2026-01-25 22:00:00,507.315835020344,48.780694163275996,51.219305836724004,5.840367818079971,True,True
2026-01-25 23:00:00,495.28231492888136,50.78628084518644,49.21371915481356,6.126656198058367,False,True
2026-01-26 00:00:00,453.95040697692264,57.674932170512896,42.325067829487104,4.974955108153334,False,False
2026-01-26 01:00:00,492.6266886373166,51.228885227113906,48.771114772886094,6.089305515502943,False,False
2026-01-26 02:00:00,500.1915625319848,49.96807291133587,50.03192708866413,5.9707128031513115,False,False
2026-01-26 03:00:00,549.6702913529631,41.72161810783949,58.27838189216051,7.2984801986073675,False,False
2026-01-26 04:00:00,510.1640286634919,48.30599522275135,51.69400477724865,6.2996434972219735,False,False
2026-01-26 05:00:00,538.1065191923439,43.6489134679427,56.3510865320573,6.944862677312645,False,False
2026-01-26 06:00:00,582.0495108997861,36.325081516702305,63.674918483297695,7.378750808876152,True,False
2026-01-26 07:00:00,583.2090226155514,36.13182956407477,63.86817043592523,6.747318716913644,True,False
2026-01-26 08:00:00,609.7644959789742,31.70591733683763,68.29408266316237,6.748972585692953,True,False
2026-01-26 09:00:00,646.5758910561558,25.570684823974034,74.42931517602597,6.562067856216151,True,False
2026-01-26 10:00:00,545.4187778995887,42.43020368340189,57.56979631659811,6.2531835245714165,True,False
2026-01-26 11:00:00,462.8673149417876,56.1887808430354,43.8112191569646,5.006950184329893,False,False
2026-01-26 12:00:00,446.1378209601676,58.977029839972076,41.022970160027924,4.941557746895164,False,False
2026-01-26 13:00:00,396.58047184099956,67.23658802650007,32.76341197349993,4.738335749769451,False,False
2026-01-26 14:00:00,423.5375310550426,62.74374482415956,37.25625517584044,4.8735810900275585,False,False
2026-01-26 15:00:00,475.0873870255228,54.15210216241286,45.84789783758714,6.239368309318358,False,False
2026-01-26 16:00:00,542.8206011248229,42.86323314586284,57.13676685413716,6.5408829832978475,False,False
2026-01-26 17:00:00,566.6350931199946,38.89415114666757,61.10584885333243,5.7194484897647095,False,False
2026-01-26 18:00:00,624.9832543396185,29.16945761006359,70.83054238993641,6.3161028603397735,True,False
2026-01-26 19:00:00,629.6910733163467,28.384821113942227,71.61517888605778,7.541905641735614,True,False
2026-01-26 20:00:00,666.9845386141769,22.16924356430384,77.83075643569616,7.756994135399747,True,False
2026-01-26 21:00:00,608.4036552997326,31.932724116711242,68.06727588328876,7.16278361596027,True,False
2026-01-26 22:00:00,530.083406023899,44.986098996016835,55.013901003983165,5.8344423645800685,True,False
2026-01-26 23:00:00,557.3524276339724,40.4412620610046,59.5587379389954,6.236153154880694,False,False
2026-01-27 00:00:00,530.533681321751,44.9110531130415,55.0889468869585,6.416521499174544,False,False
2026-01-27 01:00:00,500.5709278135064,49.90484536441561,50.09515463558439,5.447197637948058,False,False
2026-01-27 02:00:00,488.18982551613556,51.96836241397741,48.03163758602259,6.023796968048364,False,False
2026-01-27 03:00:00,543.7880744575331,42.70198759041115,57.29801240958885,6.735930468506591,False,False
2026-01-27 04:00:00,536.3112266762002,43.94812888729995,56.05187111270005,6.385600263381959,False,False
2026-01-27 05:00:00,547.0139042420716,42.16434929298807,57.83565070701193,7.300276838183858,False,False
2026-01-27 06:00:00,530.9745991582668,44.83756680695554,55.16243319304446,6.534142940183715,True,False
2026-01-27 07:00:00,587.4887549876773,35.41854083538711,64.58145916461288,7.1430988499213095,True,False
2026-01-27 08:00:00,570.8088296465894,38.1985283922351,61.8014716077649,6.658422601815676,True,False
2026-01-27 09:00:00,567.1280044360318,38.811999260661366,61.188000739338634,6.489156275214095,True,False
2026-01-27 10:00:00,573.9788895831009,37.67018506948319,62.32981493051681,6.6790158935535455,True,False
2026-01-27 11:00:00,519.6745547751059,46.72090753748235,53.27909246251765,5.384137363540682,False,False
2026-01-27 12:00:00,409.81339090506964,65.03110151582172,34.96889848417828,4.83040389870282,False,False
2026-01-27 13:00:00,408.3335121797343,65.27774797004429,34.72225202995571,5.209680509987544,False,False
2026-01-27 14:00:00,411.55458803193045,64.74090199467825,35.259098005321746,4.394634479094682,False,False
2026-01-27 15:00:00,506.0416350071513,48.99306083214145,51.00693916785855,5.724672814651292,False,False
2026-01-27 16:00:00,541.9416874620878,43.009718756318705,56.990281243681295,6.744445905254919,False,False
2026-01-27 17:00:00,569.7578090756823,38.373698487386285,61.626301512613715,5.544639176175836,False,False
2026-01-27 18:00:00,613.0680179151905,31.155330347468258,68.84466965253173,7.525984804540154,True,False
2026-01-27 19:00:00,575.8161762840512,37.3639706193248,62.6360293806752,7.500827984013073,True,False
2026-01-27 20:00:00,622.5324751515832,29.577920808069468,70.42207919193054,6.777300494193613,True,False
2026-01-27 21:00:00,562.7630980659493,39.53948365567512,60.46051634432488,6.996289677989128,True,False
2026-01-27 22:00:00,507.2006029471264,48.79989950881226,51.20010049118774,5.1016274808217235,True,False
2026-01-27 23:00:00,466.62947215856553,55.56175464023907,44.43824535976093,6.01531108929355,False,False
2026-01-28 00:00:00,476.4836557769807,53.919390703836555,46.080609296163445,6.103045609134473,False,False
2026-01-28 01:00:00,513.6036684262583,47.73272192895695,52.26727807104305,6.017278590581514,False,False
2026-01-28 02:00:00,511.6408722207367,48.05985462987722,51.94014537012278,5.8427256769579685,False,False
2026-01-28 03:00:00,503.29522185722556,49.45079635712908,50.54920364287092,5.793137169363074,False,False
2026-01-28 04:00:00,493.0464090781094,51.158931820315104,48.841068179684896,6.679151933244243,False,False
2026-01-28 05:00:00,548.4783245975839,41.920279233736025,58.079720766263975,6.112151054248246,False,False
2026-01-28 06:00:00,555.0829202828254,40.819513286195765,59.180486713804235,6.2994032734444705,True,False
2026-01-28 07:00:00,545.9796733974646,42.33672110042257,57.66327889957743,5.859632307304012,True,False
2026-01-28 08:00:00,571.5537425458488,38.07437624235854,61.92562375764146,6.231973546159594,True,False
2026-01-28 09:00:00,582.9396650988973,36.17672248351712,63.82327751648288,7.481427792575585,True,False
2026-01-28 10:00:00,588.0392381364134,35.32679364393111,64.67320635606889,6.652290252168077,True,False
2026-01-28 11:00:00,518.6896326440269,46.885061225995514,53.114938774004486,6.590649921211756,False,False
2026-01-28 12:00:00,465.37431373344486,55.770947711092525,44.229052288907475,7.406889823005121,False,False
2026-01-28 13:00:00,414.30573395865906,64.28237767355682,35.71762232644318,5.234031122214888,False,False
2026-01-28 14:00:00,384.7089184972211,69.21518025046316,30.784819749536837,5.154904495156057,False,False
2026-01-28 15:00:00,479.87178156304117,53.35470307282647,46.64529692717353,6.224886778276797,False,False
2026-01-28 16:00:00,528.8595414197786,45.19007643003691,54.80992356996309,6.923407222969009,False,False
2026-01-28 17:00:00,588.7813363425536,35.20311060957441,64.79688939042559,6.790427151536615,False,False
2026-01-28 18:00:00,638.1991913165815,26.96680144723641,73.0331985527636,7.690105293944117,True,False
2026-01-28 19:00:00,642.2194324976024,26.2967612503996,73.7032387496004,7.962656315076053,True,False
2026-01-28 20:00:00,612.7583186134714,31.206946897754772,68.79305310224522,6.816106131971458,True,False
2026-01-28 21:00:00,605.4884264277055,32.41859559538243,67.58140440461757,7.041329098061005,True,False
2026-01-28 22:00:00,524.9998595346736,45.83335674422106,54.16664325577894,6.571138152413382,True,False
2026-01-28 23:00:00,536.5637963646896,43.9060339392184,56.0939660607816,5.8997478259580625,False,False
2026-01-29 00:00:00,535.9246367982391,44.01256053362681,55.98743946637319,6.809112650186776,False,False
2026-01-29 01:00:00,549.9073131721304,41.68211447131159,58.31788552868841,5.810142217695132,False,False
2026-01-29 02:00:00,507.14125112193875,48.809791479676875,51.190208520323125,6.546974237058469,False,False
2026-01-29 03:00:00,516.1971898645324,47.30046835591126,52.69953164408874,6.290788924292736,False,False
2026-01-29 04:00:00,506.81676086064624,48.863873189892296,51.136126810107704,6.491574432969478,False,False
2026-01-29 05:00:00,564.7238528081416,39.21269119864307,60.78730880135693,7.344226018982118,False,False
2026-01-29 06:00:00,603.4083848106916,32.76526919821807,67.23473080178192,6.566173337978536,True,False
2026-01-29 07:00:00,563.8843363488705,39.35261060852157,60.64738939147843,6.443238443389751,True,False
2026-01-29 08:00:00,559.8794249953082,40.020095834115295,59.979904165884705,5.927371106292375,True,False
2026-01-29 09:00:00,567.8695775001157,38.688403749980715,61.311596250019285,6.288651056382276,True,False
2026-01-29 10:00:00,526.955892401284,45.507351266452666,54.492648733547334,6.0582646600553804,True,False
2026-01-29 11:00:00,494.29519615651037,50.950800640581605,49.049199359418395,6.77678674275661,False,False
2026-01-29 12:00:00,444.22620543387654,59.29563242768725,40.70436757231275,5.033557155186101,False,False
2026-01-29 13:00:00,424.816129339804,62.530645110032665,37.469354889967335,5.748560883388432,False,False
2026-01-29 14:00:00,423.60720988633847,62.73213168561025,37.26786831438975,5.326995477101265,False,False
2026-01-29 15:00:00,507.36443205761157,48.77259465706474,51.22740534293526,5.945993285639418,False,False
2026-01-29 16:00:00,469.9204192149924,55.01326346416793,44.98673653583207,5.6746133292747665,False,False
2026-01-29 17:00:00,553.7463413604839,41.04227643991935,58.95772356008065,7.216529013867268,False,False
2026-01-29 18:00:00,609.1804156585102,31.80326405691496,68.19673594308505,7.069155502614203,True,False
2026-01-29 19:00:00,657.6275941186803,23.72873431355328,76.27126568644672,7.590538155356481,True,False
2026-01-29 20:00:00,610.1591986022318,31.640133566294704,68.35986643370529,8.531589652455825,True,False
2026-01-29 21:00:00,590.4797379294378,34.920043678427035,65.07995632157296,7.561330310405972,True,False
2026-01-29 22:00:00,540.8844006806056,43.18593321989906,56.81406678010094,6.078688797704542,True,False
2026-01-29 23:00:00,536.045158826583,43.992473528902835,56.007526471097165,6.016767130058426,False,False
2026-01-30 00:00:00,518.5991364754088,46.90014392076519,53.09985607923481,6.143903710801412,False,False
2026-01-30 01:00:00,527.5096051479838,45.41506580866936,54.58493419133064,6.2043081300437315,False,False
2026-01-30 02:00:00,528.3529949101702,45.27450084830497,54.72549915169503,6.112111229493211,False,False
2026-01-30 03:00:00,547.2711759134243,42.12147068109595,57.87852931890405,6.322599481419087,False,False
2026-01-30 04:00:00,546.4880216154552,42.25199639742414,57.74800360257586,6.389645210197015,False,False
2026-01-30 05:00:00,572.8880304196903,37.851994930051625,62.148005069948375,7.143093353469467,False,False
2026-01-30 06:00:00,544.726642163819,42.5455596393635,57.4544403606365,6.5152567927126634,True,False
2026-01-30 07:00:00,640.5710150068774,26.57149749885377,73.42850250114623,7.04014265975463,True,False
2026-01-30 08:00:00,593.2367240851337,34.46054598581105,65.53945401418895,6.240545671684853,True,False
2026-01-30 09:00:00,569.6147406403924,38.39754322660127,61.60245677339873,5.691555135690768,True,False
2026-01-30 10:00:00,576.1499326296789,37.30834456172018,62.69165543827982,7.597536953321146,True,False
2026-01-30 11:00:00,499.293984187205,50.117669302132505,49.882330697867495,5.12036597232046,False,False
2026-01-30 12:00:00,474.43617737328026,54.26063710445329,45.73936289554671,4.860622676260237,False,False
2026-01-30 13:00:00,442.09839650444366,59.65026724925939,40.34973275074061,5.3066444364431895,False,False
2026-01-30 14:00:00,432.9129629914449,61.18117283475919,38.81882716524081,6.093388733744994,False,False
2026-01-30 15:00:00,437.3165538484214,60.4472410252631,39.5527589747369,5.935224743392954,False,False
2026-01-30 16:00:00,557.1762995458968,40.47061674235054,59.52938325764946,6.221216206872635,False,False
2026-01-30 17:00:00,516.1274446185507,47.31209256357488,52.68790743642512,5.671894980959002,False,False
2026-01-30 18:00:00,627.5265123908387,28.745581268193554,71.25441873180645,7.826491538750557,True,False
