timestamp,temperature,humidity,cloud_cover,wind_speed,shortwave_radiation,direct_radiation,diffuse_radiation,is_daylight
2025-12-31 19:00:00,22.189673175350446,75.744396477406,4.97611969811928,3.4652893236984066,0.0,0.0,0.0,False
2025-12-31 20:00:00,22.742567190150556,73.92516846443218,2.8389116495542597,4.358862902478057,0.0,0.0,0.0,False
2025-12-31 21:00:00,20.85267641036399,80.30818366417954,7.254246275847821,6.422910021791942,0.0,0.0,0.0,False
2025-12-31 22:00:00,18.076665697463714,78.83231050913072,93.55732513377924,3.6081723552732843,0.0,0.0,0.0,False
2025-12-31 23:00:00,21.320560726227296,85.0606650416741,90.22291205659614,2.3248809357791504,0.0,0.0,0.0,False
2026-01-01 00:00:00,18.4687593778961,81.37605934851803,1.5916544395823298,2.7584166693351806,-0.0,-0.0,0.0,False
2026-01-01 01:00:00,23.6293637903995,69.6585068605079,7.242602089337472,3.3814153489623413,-0.0,-0.0,0.0,False
2026-01-01 02:00:00,15.622121704729464,84.6829482350653,0.2613739449325898,2.1084252817659,-0.0,-0.0,0.0,False
2026-01-01 03:00:00,23.822278320479118,67.06535784495601,88.30869562807995,3.19442948481654,-0.0,-0.0,0.0,False
2026-01-01 04:00:00,20.033125761617388,83.47855839887126,86.40545111599374,3.1306448540199128,-0.0,-0.0,0.0,False
2026-01-01 05:00:00,27.464087099987047,66.06200174327259,95.61255072379663,5.114617331201643,-0.0,-0.0,0.0,False
2026-01-01 06:00:00,23.421293820178757,76.68313087436583,89.10250065394997,2.332027362893002,0.0,0.0,0.0,True
2026-01-01 07:00:00,26.293281794808035,72.79270506626527,89.56904765555034,2.7183894893581297,52.154761722248324,3.8081668384262986,48.34659488382203,True
2026-01-01 08:00:00,28.32908180552011,61.41049509425481,94.78230416512815,4.015207506153306,45.18657142219275,1.6503884985120003,43.53618292368075,True
2026-01-01 09:00:00,32.04136973265466,60.8291658868961,92.11702627364348,3.9670703488856773,78.82973726356525,4.349889233929909,74.47984802963533,True
2026-01-01 10:00:00,28.963117295737305,60.3618314388388,0.9712557702619051,3.6089767876897443,857.6140820782483,594.4991190736392,263.1149630046091,True
2026-01-01 11:00:00,30.876334005587395,66.9996146470001,0.3979475540762367,2.8024836456175355,498.0102622296188,347.21990980041915,150.79035242919963,True
2026-01-01 12:00:00,28.536210575170763,64.94821224400829,86.84752785339359,5.243495435683777,1.6107132915216264e-14,1.4829403192034847e-15,1.462419259601278e-14,True
2026-01-01 13:00:00,31.67938533922313,66.9779049360462,91.0398327062995,3.5658413233972257,0.0,0.0,0.0,True
2026-01-01 14:00:00,31.306177476484695,51.091261932340004,97.99410126951527,3.489883069213032,0.0,0.0,0.0,True
2026-01-01 15:00:00,32.66946958241398,54.904623087261044,94.11058296329867,3.6228981975731,0.0,0.0,0.0,True
2026-01-01 16:00:00,28.576329711134722,65.50848893450689,4.907946659611669,3.7773906290465344,0.0,0.0,0.0,True
2026-01-01 17:00:00,29.112531228305844,60.43982263957353,9.72020695722377,3.738077078499174,0.0,0.0,0.0,True
2026-01-01 18:00:00,24.159751976175095,71.82844271598843,95.29273484596048,3.0386130463022933,0.0,0.0,0.0,True
2026-01-01 19:00:00,21.219030204606927,78.49346113730371,0.1656121119256424,5.552368883652505,0.0,0.0,0.0,False
2026-01-01 20:00:00,19.172776366068202,80.96278157263576,3.0178946542706226,4.915953417024455,0.0,0.0,0.0,False
2026-01-01 21:00:00,17.956603145197498,93.16976406372531,82.50974382741076,4.528252290588622,0.0,0.0,0.0,False
2026-01-01 22:00:00,18.679167875120065,88.82538800384397,99.74319605402317,5.266780682984719,0.0,0.0,0.0,False
2026-01-01 23:00:00,17.687978634651742,83.80138313437561,92.28424587909761,3.150689575892865,0.0,0.0,0.0,False
2026-01-02 00:00:00,18.002165696885406,82.50175577091049,92.66719680982195,0.8544978361229911,-0.0,-0.0,0.0,False
2026-01-02 01:00:00,18.02898878040762,86.04604041737656,75.28098992562022,1.9805029285274092,-0.0,-0.0,0.0,False
2026-01-02 02:00:00,19.051989554620263,81.5840142367015,60.96399269331042,3.5291191529363504,-0.0,-0.0,0.0,False
2026-01-02 03:00:00,16.57229660191123,83.83716741978725,70.1325008808698,3.3159983071920287,-0.0,-0.0,0.0,False
2026-01-02 04:00:00,20.220499457230595,81.88261293723608,63.60631048683529,1.6343995044305202,-0.0,-0.0,0.0,False
2026-01-02 05:00:00,23.13475348048866,73.18081216170052,61.33533236405117,0.9767168346664061,-0.0,-0.0,0.0,False
2026-01-02 06:00:00,23.539872363104898,64.241971677104,61.43444337810874,1.390176735266811,0.0,0.0,0.0,True
2026-01-02 07:00:00,29.373079696415648,62.32631928504204,76.28697082066712,0.6186841822300755,118.56514589666438,19.680771350096233,98.88437454656814,True
2026-01-02 08:00:00,29.657289552839092,67.21914723586855,66.88191783451352,4.230219787598574,286.8110047993165,66.49041296036651,220.32059183894998,True
2026-01-02 09:00:00,28.39824199588421,62.794376066919604,51.16401194945547,3.4781454736289286,488.35988050544535,166.94676102110498,321.41311948434037,True
2026-01-02 10:00:00,31.793457655263925,59.73951458144272,49.395311644251336,4.094042460628015,438.24945666672926,155.24234023687208,283.0071164298572,True
2026-01-02 11:00:00,29.540615088990098,60.088689215946616,44.32426190389757,3.382295410554144,278.37869048051215,108.49257343910269,169.88611704140948,True
2026-01-02 12:00:00,31.16022891705086,56.40472433132383,47.88312209947056,2.944649407801025,6.382476770243681e-14,2.3284433377642874e-14,4.054033432479393e-14,True
2026-01-02 13:00:00,31.29752850009023,48.890736262687035,63.83331366788465,2.776348916031358,0.0,0.0,0.0,True
2026-01-02 14:00:00,34.119603697628364,45.15173113042881,74.68603736781039,4.622517774212726,0.0,0.0,0.0,True
2026-01-02 15:00:00,29.755120961925556,68.64921639235212,81.4580718671411,3.227225968020951,0.0,0.0,0.0,True
2026-01-02 16:00:00,29.526995720237334,63.41077177051359,81.14552180067503,3.5808748844607914,0.0,0.0,0.0,True
2026-01-02 17:00:00,26.76057771370126,69.78303487248593,84.16755931455438,5.981530656497867,0.0,0.0,0.0,True
2026-01-02 18:00:00,24.8468671624627,68.83145577990575,79.49333555452353,4.070436455259409,0.0,0.0,0.0,True
2026-01-02 19:00:00,27.54498847421505,71.8206171304272,71.4965354799455,3.56389013408764,0.0,0.0,0.0,False
2026-01-02 20:00:00,23.843932150254933,78.71861757778738,75.58907807416512,2.8810209762209587,0.0,0.0,0.0,False
2026-01-02 21:00:00,20.235505898411805,82.74361199112778,79.34991485025185,5.403141510384831,0.0,0.0,0.0,False
2026-01-02 22:00:00,20.632118304968973,83.29054480410002,70.50110731502467,2.5598875588775036,0.0,0.0,0.0,False
2026-01-02 23:00:00,14.875901520355793,89.23628597735113,67.44145631260994,5.132114176895422,0.0,0.0,0.0,False
2026-01-03 00:00:00,15.999663866844818,91.98484767018807,64.55390898350733,2.150785757656894,-0.0,-0.0,0.0,False
2026-01-03 01:00:00,17.336066575576922,88.58843327852935,65.4393586596714,1.2828045811603572,-0.0,-0.0,0.0,False
2026-01-03 02:00:00,19.881450904172304,84.12918637895022,81.03602197670699,2.0244192301993924,-0.0,-0.0,0.0,False
2026-01-03 03:00:00,21.68331117882416,70.3239625596975,70.32342110004882,3.729645418284057,-0.0,-0.0,0.0,False
2026-01-03 04:00:00,20.194167126214598,91.00888424014879,60.98602064407434,4.251421287614233,-0.0,-0.0,0.0,False
2026-01-03 05:00:00,24.207368080610376,71.18456392373416,71.03924596064056,2.5545433709082186,-0.0,-0.0,0.0,False
2026-01-03 06:00:00,27.759647326123847,72.00756934635136,88.06986887613361,1.8944159252328636,0.0,0.0,0.0,True
2026-01-03 07:00:00,26.401189413222042,66.43395034719035,88.30268466481118,3.500998582794142,58.486576675944086,4.788951511779522,53.69762516416456,True
2026-01-03 08:00:00,29.48126602479097,52.5977239644603,80.36729116190587,1.8078490707859127,170.02424598892787,23.3662556184198,146.65799037050806,True
2026-01-03 09:00:00,32.20623993796687,60.45743225792133,81.0059253734446,3.797410281385557,189.94074626555405,25.2542409643409,164.68650530121315,True
2026-01-03 10:00:00,36.94469906227874,44.69183044191028,74.93801251455075,2.3821834913578632,217.04317831726738,38.0767339315264,178.96644438574097,True
2026-01-03 11:00:00,32.36747482735319,55.90634647657831,78.73615196354997,3.3437689705186053,106.31924018225013,15.825293166103386,90.49394701614673,True
2026-01-03 12:00:00,32.74218304908156,56.082863102336994,82.3532288545922,3.0541248591133536,2.1611061798509533e-14,2.669558232372939e-15,1.8941503566136593e-14,True
2026-01-03 13:00:00,35.275442847085095,45.792464639613414,71.50755959292442,3.4506183422924823,0.0,0.0,0.0,True
2026-01-03 14:00:00,35.372867234073034,53.08202716462412,53.47318992118506,4.631679865117334,0.0,0.0,0.0,True
2026-01-03 15:00:00,32.99478894076602,50.60320252504538,46.120397099029425,5.656314615080136,0.0,0.0,0.0,True
2026-01-03 16:00:00,34.803522681821136,47.05279525420344,48.20146699699205,4.269434391401809,0.0,0.0,0.0,True
2026-01-03 17:00:00,31.50974179247493,55.17991239649088,47.33814169366053,3.971749836815436,0.0,0.0,0.0,True
2026-01-03 18:00:00,23.325979275931097,85.24792856718395,42.94744806770339,3.7728483552053476,0.0,0.0,0.0,True
2026-01-03 19:00:00,26.03440039064351,67.75104211755568,47.69187462278062,3.3876681379432636,0.0,0.0,0.0,False
2026-01-03 20:00:00,20.512423674405362,78.2954816059154,39.9984303126761,2.866795411309352,0.0,0.0,0.0,False
2026-01-03 21:00:00,17.994841936769753,85.1222490494678,48.701472307374274,3.869330327595668,0.0,0.0,0.0,False
2026-01-03 22:00:00,19.567174369511047,83.38295728915851,51.4469945826159,3.725027107911064,0.0,0.0,0.0,False
2026-01-03 23:00:00,17.197576640222707,82.31938166745611,51.38810353870483,4.819345134725436,0.0,0.0,0.0,False
2026-01-04 00:00:00,13.462696261637866,92.22280188709706,68.00538350114181,3.742538675730396,-0.0,-0.0,0.0,False
2026-01-04 01:00:00,19.99622518204633,87.130122348572,75.67173783740839,3.235808896803177,-0.0,-0.0,0.0,False
2026-01-04 02:00:00,18.734386923871334,77.57050431622503,65.74720249392837,5.374496337446427,-0.0,-0.0,0.0,False
2026-01-04 03:00:00,17.730420784623735,87.25771088847658,79.46156696967014,2.2408987597639682,-0.0,-0.0,0.0,False
2026-01-04 04:00:00,22.642743123312098,72.54941432267913,77.97955150742817,2.596436506493484,-0.0,-0.0,0.0,False
2026-01-04 05:00:00,22.786706616886693,75.15610415795871,69.92548444708206,3.4461344389982767,-0.0,-0.0,0.0,False
2026-01-04 06:00:00,21.017272256912133,73.07681504267475,60.92180834895086,1.5230105860739476,0.0,0.0,0.0,True
2026-01-04 07:00:00,30.686045895031356,58.055378967366515,64.7399379278872,4.701082292321995,176.300310360564,43.514519206523666,132.78579115404034,True
2026-01-04 08:00:00,29.64832373559461,59.38364559275154,68.01907262416657,2.5436746530816525,276.96295544056954,62.002725146187316,214.96023029438223,True
2026-01-04 09:00:00,26.521114702869816,64.54978554176907,66.62629447887878,3.0545647110652263,333.73705521121224,77.9662954147362,255.77075979647606,True
2026-01-04 10:00:00,35.06923044929908,55.38799270396839,67.3407002803387,3.20658645821617,282.8378322703669,64.66099875324043,218.17683351712645,True
2026-01-04 11:00:00,34.40560348688969,53.35738366501489,72.20971117406981,2.965711270642754,138.95144412965092,27.030505356001704,111.92093877364923,True
2026-01-04 12:00:00,36.467258195568526,47.73682076706788,41.12530437701698,3.7587102417819565,7.210070754546085e-14,2.971435047658505e-14,4.2386357068875795e-14,True
2026-01-04 13:00:00,35.642391422511444,50.76213082276887,42.00429144884754,5.0906162488080735,0.0,0.0,0.0,True
2026-01-04 14:00:00,31.291158757810997,62.59700522040248,28.600556645129757,4.572997150365999,0.0,0.0,0.0,True
2026-01-04 15:00:00,30.010297031942965,62.030499871272625,24.637257443303866,2.631982115026048,0.0,0.0,0.0,True
2026-01-04 16:00:00,25.970440272978557,63.250696080786476,9.590431070055928,3.384323384942828,0.0,0.0,0.0,True
2026-01-04 17:00:00,30.037971354090814,57.693186637284484,3.1283147398918913,3.7570578587830936,0.0,0.0,0.0,True
2026-01-04 18:00:00,28.026430353994122,63.39033208381417,5.697342768360059,5.840288018602088,0.0,0.0,0.0,True
2026-01-04 19:00:00,21.019037635815877,75.33058379206362,0.3743705662305672,2.616531371461157,0.0,0.0,0.0,False
2026-01-04 20:00:00,20.6804020060305,71.8986591060711,89.33134265563976,5.465268035204026,0.0,0.0,0.0,False
2026-01-04 21:00:00,21.87446663953846,85.27250108248128,83.67178674448286,5.4456570660448405,0.0,0.0,0.0,False
2026-01-04 22:00:00,17.987519434995633,76.98624596501561,87.08222676150235,5.245162315113925,0.0,0.0,0.0,False
2026-01-04 23:00:00,17.982495857416275,82.10204160512401,94.97512971142245,5.8238221082309405,0.0,0.0,0.0,False
2026-01-05 00:00:00,15.855580694984642,89.58906889560105,4.207549689484523,1.9291630867680996,-0.0,-0.0,0.0,False
2026-01-05 01:00:00,15.525352064782918,95.0,99.81027796818788,1.5156906328028081,-0.0,-0.0,0.0,False
2026-01-05 02:00:00,19.233989929367173,83.62079535711517,19.569297578301956,0.8639169949967593,-0.0,-0.0,0.0,False
2026-01-05 03:00:00,16.852063521415474,82.53730994465025,23.350347866109942,1.532355755440193,-0.0,-0.0,0.0,False
2026-01-05 04:00:00,22.52306827873406,69.86349258773426,25.156003670680974,1.2538413151417684,-0.0,-0.0,0.0,False
2026-01-05 05:00:00,22.941536678976902,79.66011770112479,18.616721486084458,1.3822034300356767,-0.0,-0.0,0.0,False
2026-01-05 06:00:00,24.243226302104844,75.95078988220807,22.271978005041788,3.135819375457976,0.0,0.0,0.0,True
2026-01-05 07:00:00,30.687538365378003,53.477709027448086,8.007526799539178,3.311391561098904,459.96236600230407,296.1915293938125,163.77083660849155,True
2026-01-05 08:00:00,31.055706330085243,57.73932099624493,18.049122755184072,3.845671560192859,709.7154155643068,407.1326062976482,302.5828092666586,True
2026-01-05 09:00:00,32.367698036799354,56.79309018857869,17.025938952296997,3.2173736277884544,829.74061047703,481.9286364723562,347.81197400467386,True
2026-01-05 10:00:00,33.45208423554663,50.87231227352758,9.922555548534902,4.178462816609144,780.093552029504,491.8818351991862,288.21171683031787,True
2026-01-05 11:00:00,32.783030742068924,63.61770454648129,9.228898078309612,3.973496734334281,453.8555096084519,288.3787530427266,165.47675656572528,True
2026-01-05 12:00:00,31.97282335133576,50.11626074362313,11.214361616830217,2.870849937203786,1.0873104785620325e-13,6.757628847188792e-14,4.1154759384315326e-14,True
2026-01-05 13:00:00,33.75240642748222,42.35634904732389,21.451597879594544,4.477380876339862,0.0,0.0,0.0,True
2026-01-05 14:00:00,34.17510589416537,53.41366597959388,32.61949691607947,3.6628528798713282,0.0,0.0,0.0,True
2026-01-05 15:00:00,28.4350020877538,63.33387891420388,26.000845269705067,4.434672206707195,0.0,0.0,0.0,True
2026-01-05 16:00:00,27.963752031819073,58.522285851779465,34.58745894014507,5.7523158656993685,0.0,0.0,0.0,True
2026-01-05 17:00:00,25.55964144057517,70.45924325090535,38.30835811456181,3.549179817253929,0.0,0.0,0.0,True
2026-01-05 18:00:00,26.108554173573026,67.29289043433339,41.59013033927946,5.082814922279821,0.0,0.0,0.0,True
2026-01-05 19:00:00,22.511087437560573,79.74302169352458,34.40485154379749,5.377129071129146,0.0,0.0,0.0,False
2026-01-05 20:00:00,23.085037422469178,74.07602689955311,45.37921442722113,4.478492001239634,0.0,0.0,0.0,False
2026-01-05 21:00:00,16.834682311622554,86.85944772551217,35.3691004290977,4.578700541101473,0.0,0.0,0.0,False
2026-01-05 22:00:00,18.070174423730457,87.99894973609774,41.76484695031129,3.7841915046919556,0.0,0.0,0.0,False
2026-01-05 23:00:00,17.869676162813715,84.9330331737609,38.46576326794591,5.51290667303773,0.0,0.0,0.0,False
2026-01-06 00:00:00,17.147041147090032,88.43940399712258,42.48016950661643,1.9426142804110142,-0.0,-0.0,0.0,False
2026-01-06 01:00:00,17.436938692043157,81.51086572007372,33.361615458855766,1.2991977352521595,-0.0,-0.0,0.0,False
2026-01-06 02:00:00,19.149334458255026,70.13366053044159,32.795213437787254,2.2112180433693505,-0.0,-0.0,0.0,False
2026-01-06 03:00:00,21.226777347715384,79.90651274615585,21.544365775869295,1.0985269874066244,-0.0,-0.0,0.0,False
2026-01-06 04:00:00,24.774924845423428,73.01689251949443,34.51802661708459,2.4728841957289847,-0.0,-0.0,0.0,False
2026-01-06 05:00:00,22.109684114224894,70.18451742970097,18.807636101530264,2.1303096651581868,-0.0,-0.0,0.0,False
2026-01-06 06:00:00,27.750933806328884,68.89192732883286,18.65593859301201,3.7326694828705955,0.0,0.0,0.0,True
2026-01-06 07:00:00,31.774830334663683,52.47832440922995,20.055934745751003,2.7228205396148453,399.7203262712449,223.68687492814672,176.0334513430982,True
2026-01-06 08:00:00,27.325500575809958,69.93718527147921,23.030419125083682,4.519053411297217,666.5761235631841,359.1425939631929,307.4335295999912,True
2026-01-06 09:00:00,29.529253891976236,60.418934838991184,16.869146081430372,1.7296935576584376,831.3085391856963,483.7517211261394,347.5568180595569,True
2026-01-06 10:00:00,31.281904233397178,59.10393889963901,18.530705857261623,2.9948098205623026,705.5447835599822,402.3616485190601,303.1831350409221,True
2026-01-06 11:00:00,34.664513062702866,49.513185996181875,19.12340541709196,2.467905496514617,404.3829729145402,228.93582429648245,175.44714861805772,True
2026-01-06 12:00:00,32.33439553424401,61.08329428640706,35.37412294173596,3.258616299004975,7.914387348149343e-14,3.580319566270858e-14,4.334067781878485e-14,True
2026-01-06 13:00:00,36.643987490210634,47.930918015384464,33.12466902809422,6.179810995245061,0.0,0.0,0.0,True
2026-01-06 14:00:00,32.73496611592331,56.1435829008871,18.0136001656509,4.376098422265424,0.0,0.0,0.0,True
2026-01-06 15:00:00,31.634998062913688,54.381447681102856,4.8804524918249825,2.894585093725574,0.0,0.0,0.0,True
2026-01-06 16:00:00,30.52281991580442,60.17534403620619,21.495058718145373,4.143793244172305,0.0,0.0,0.0,True
2026-01-06 17:00:00,23.313660818287225,80.74148330383876,21.555657318563547,4.304693438071806,0.0,0.0,0.0,True
2026-01-06 18:00:00,26.212408908718253,67.9929815836636,35.8736614172943,4.29166032274336,0.0,0.0,0.0,True
2026-01-06 19:00:00,23.048630990283183,75.32246046436978,43.0028459643571,5.31817988631487,0.0,0.0,0.0,False
2026-01-06 20:00:00,22.389100039737166,77.4867945684462,24.747648177273064,4.901042513391577,0.0,0.0,0.0,False
2026-01-06 21:00:00,22.319781373749684,78.1188048248093,25.204100146901794,6.554896793564425,0.0,0.0,0.0,False
2026-01-06 22:00:00,19.60788818234316,90.38518584689587,6.391225437926579,4.06120106611749,0.0,0.0,0.0,False
2026-01-06 23:00:00,17.273776854999607,83.11951491396415,96.03307265667358,3.9264063853389035,0.0,0.0,0.0,False
2026-01-07 00:00:00,16.46530945199229,88.03879516829133,85.50908872567972,1.6270541026881657,-0.0,-0.0,0.0,False
2026-01-07 01:00:00,19.31747645033565,83.72120989616727,87.45294684130035,0.7092905722970946,-0.0,-0.0,0.0,False
2026-01-07 02:00:00,20.341672909854314,76.23747821411955,83.86247443312008,2.135534977967944,-0.0,-0.0,0.0,False
2026-01-07 03:00:00,18.40473088628583,85.22527333156853,77.84628547986793,2.1149011602125927,-0.0,-0.0,0.0,False
2026-01-07 04:00:00,22.149366762685535,68.60037036421622,68.57851389848616,3.060731367347312,-0.0,-0.0,0.0,False
2026-01-07 05:00:00,23.027176973582222,74.99481346799739,63.22070712744372,3.1838962198060674,-0.0,-0.0,0.0,False
2026-01-07 06:00:00,25.464933011861067,65.52797688561108,62.40540278123268,1.8402356090973315,0.0,0.0,0.0,True
2026-01-07 07:00:00,31.342140162590844,66.04995252220058,66.92966319550578,2.2817847212113778,165.35168402247106,38.27765117269396,127.0740328497771,True
2026-01-07 08:00:00,31.443295887681394,62.575528127459265,75.07473988880008,3.217476581804367,215.8590845223407,37.66240680359381,178.1966777187469,True
2026-01-07 09:00:00,32.34278631785757,48.16872139317798,80.19708740845368,2.7623614050977783,198.02912591546317,27.450874297589657,170.57825161787352,True
2026-01-07 10:00:00,31.61240877903878,68.50374699998123,68.03021693595318,3.328631867971442,276.8664428694206,61.95952081374783,214.9069220556728,True
2026-01-07 11:00:00,32.38579475910105,56.16782319296835,62.128622478364775,4.259880442247028,189.35688760817612,50.19844323851762,139.1584443696585,True
2026-01-07 12:00:00,34.81204625354238,55.791861806018645,47.21999778073257,5.952848843693566,6.463686077681606e-14,2.3880735586727818e-14,4.0756125190088245e-14,True
2026-01-07 13:00:00,33.90849523238168,52.12062153857589,33.37584948978159,4.903689232323925,0.0,0.0,0.0,True
2026-01-07 14:00:00,32.14106766810518,56.19378131002534,29.551279961959835,2.627163400496114,0.0,0.0,0.0,True
2026-01-07 15:00:00,29.38009670072395,52.29650858436824,25.783564646339727,3.892126902561013,0.0,0.0,0.0,True
2026-01-07 16:00:00,25.86137921810591,72.64349604292731,34.83503461728719,5.502969836905557,0.0,0.0,0.0,True
2026-01-07 17:00:00,26.538202804287312,64.14132342515771,33.93312825253804,4.208035639688165,0.0,0.0,0.0,True
2026-01-07 18:00:00,24.947330121260144,59.00370564339936,31.416255464543354,4.206191114405159,0.0,0.0,0.0,True
2026-01-07 19:00:00,23.978299576434914,68.1098104219931,29.28576489868675,5.380641624724154,0.0,0.0,0.0,False
2026-01-07 20:00:00,16.882315112988422,87.25562694101627,45.5373297157405,2.9103943356482036,0.0,0.0,0.0,False
2026-01-07 21:00:00,24.723485245007975,67.34008830992614,43.32775198035631,3.9712909971125083,0.0,0.0,0.0,False
2026-01-07 22:00:00,21.37898561597989,79.95802676112729,48.33973138833227,6.3175818523529,0.0,0.0,0.0,False
2026-01-07 23:00:00,15.546802459563919,80.6379315477491,44.38856563549666,3.102735041421189,0.0,0.0,0.0,False
2026-01-08 00:00:00,18.853383791312318,78.23474495282487,54.13241742587638,0.5109867113353772,-0.0,-0.0,0.0,False
2026-01-08 01:00:00,20.525135247688105,76.42657475648566,56.95881250421158,0.9685238917377841,-0.0,-0.0,0.0,False
2026-01-08 02:00:00,18.65742897951503,85.7425299574839,49.36540622284471,3.353819033811056,-0.0,-0.0,0.0,False
2026-01-08 03:00:00,21.836263616453852,77.42229507359782,31.56561792475199,1.8076299373320506,-0.0,-0.0,0.0,False
2026-01-08 04:00:00,21.773589519780224,74.98815843891047,27.54578448787177,3.6953177855663686,-0.0,-0.0,0.0,False
2026-01-08 05:00:00,25.269727691085432,73.1158050338093,21.627316587262783,2.9030033464112446,-0.0,-0.0,0.0,False
2026-01-08 06:00:00,27.489818566390884,69.92678519749339,24.005490503438836,2.5369496747776346,0.0,0.0,0.0,True
2026-01-08 07:00:00,27.998224588370647,66.85401651069785,19.803312581556867,2.666955844691491,400.9834370922156,225.1028035512016,175.880633541014,True
2026-01-08 08:00:00,32.3195532473587,57.434671317932576,9.947921444366557,4.855138920787738,779.8738769277044,491.60484540006024,288.26903152764413,True
2026-01-08 09:00:00,28.082031771299437,61.20240103793679,18.82762425450801,2.6337802403619293,811.72375745492,461.2268208917136,350.4969365632064,True
2026-01-08 10:00:00,33.25446973686482,52.66394481290029,24.02551541737779,2.7516185567429208,657.9583368798002,349.91631864897494,308.04201823082525,True
2026-01-08 11:00:00,35.60058431257395,45.33485898719043,36.612234813340194,3.707878556884443,316.938825933299,140.6303071375692,176.30851879572978,True
2026-01-08 12:00:00,34.522241669742456,50.866231371066306,27.643777961651494,2.8142283427319854,8.861081571765868e-14,4.488080699946265e-14,4.373000871819604e-14,True
2026-01-08 13:00:00,34.12263825191872,54.208438975991,10.367205199255409,3.096811882219741,0.0,0.0,0.0,True
2026-01-08 14:00:00,32.983347291629656,51.512571837624165,97.30172510901443,2.504913306154908,0.0,0.0,0.0,True
2026-01-08 15:00:00,32.03832216609979,63.52235286443614,88.1445642623523,3.880163733000884,0.0,0.0,0.0,True
2026-01-08 16:00:00,31.492589767018497,68.91998776317843,71.72107018779764,5.716249175370383,0.0,0.0,0.0,True
2026-01-08 17:00:00,25.886743726737247,67.83874503286441,79.8523149721347,2.9347943926562885,0.0,0.0,0.0,True
2026-01-08 18:00:00,28.86532933148251,67.20633600161607,78.54078169471856,3.024130661096908,0.0,0.0,0.0,True
2026-01-08 19:00:00,21.559456323472,79.05023142937597,88.00037372074567,5.707076798611172,0.0,0.0,0.0,False
2026-01-08 20:00:00,22.717678436178808,79.16837573233094,80.34662372829612,4.570876572932975,0.0,0.0,0.0,False
2026-01-08 21:00:00,16.722340734418367,85.26852554398592,87.25859114334986,4.8195403732971,0.0,0.0,0.0,False
2026-01-08 22:00:00,14.380698346813245,89.16243429389593,80.20154251536135,4.666819240603938,0.0,0.0,0.0,False
2026-01-08 23:00:00,14.513483202717179,90.93147826573147,81.49248024470171,5.421378377040277,0.0,0.0,0.0,False
2026-01-09 00:00:00,19.584219520502046,79.96321508627403,81.69005201313581,1.833357477609504,-0.0,-0.0,0.0,False
2026-01-09 01:00:00,15.274063616481206,91.0342008137169,88.97419974716962,2.8120295483650803,-0.0,-0.0,0.0,False
2026-01-09 02:00:00,18.646045382220247,84.91440042896144,74.65005735978622,2.408869674832169,-0.0,-0.0,0.0,False
2026-01-09 03:00:00,18.95821218906208,83.33382294171203,85.39631481549281,2.4387700460195405,-0.0,-0.0,0.0,False
2026-01-09 04:00:00,22.184495376391475,78.08758637018312,81.54426791705623,2.9923847804510717,-0.0,-0.0,0.0,False
2026-01-09 05:00:00,20.225833613842674,87.65902660346903,58.56868762704838,2.598695264984191,-0.0,-0.0,0.0,False
2026-01-09 06:00:00,24.71325826154404,73.16247847968191,61.16677475198941,1.7973075271656482,0.0,0.0,0.0,True
2026-01-09 07:00:00,28.7700383131169,51.1903453713775,51.20624816552814,2.7205897040272875,243.96875917235928,83.32905763294089,160.6397015394184,True
2026-01-09 08:00:00,28.805976229500878,67.49716815725074,46.52081869992236,2.8914730247045317,463.14329579460934,173.3796699860078,289.76362580860155,True
2026-01-09 09:00:00,32.74189292498401,58.827137436123394,52.02182244575408,3.869457145196751,479.7817755424592,161.13338649987227,318.6483890425869,True
2026-01-09 10:00:00,30.041059045534183,57.05389694879567,55.47371614261769,2.1492745056862823,385.60892956610047,120.1881285906107,265.4208009754898,True
2026-01-09 11:00:00,34.92144678390818,50.12322205325275,39.00840462995535,4.37039257876789,304.9579768502232,130.1991147024138,174.7588621478094,True
2026-01-09 12:00:00,33.6308963074816,47.39446130774456,13.65328952124139,1.383993895403913,1.0574422260471497e-13,6.391466041835507e-14,4.1829562186359894e-14,True
2026-01-09 13:00:00,33.790164257839095,51.92770143202875,22.320126590129576,3.6636022053765687,0.0,0.0,0.0,True
2026-01-09 14:00:00,32.76437057163166,48.93746411121658,22.478320864247337,2.458857957146738,0.0,0.0,0.0,True
2026-01-09 15:00:00,31.946075955832907,57.02771640559359,12.826142314701372,3.7913159030622876,0.0,0.0,0.0,True
2026-01-09 16:00:00,26.12675118133501,71.78251366335543,6.621071445197288,4.823683868161272,0.0,0.0,0.0,True
2026-01-09 17:00:00,30.40829953830686,56.45592971167602,12.368879762045253,4.293964184970582,0.0,0.0,0.0,True
2026-01-09 18:00:00,24.426520900584777,67.49491874862427,6.24057765237967,5.015449493365026,0.0,0.0,0.0,True
2026-01-09 19:00:00,23.578171522411004,73.70742629086939,2.9058948865435354,4.5746796073923885,0.0,0.0,0.0,False
2026-01-09 20:00:00,20.242053565391554,87.41317536940798,8.839857397270407,5.375249801385371,0.0,0.0,0.0,False
2026-01-09 21:00:00,19.81447594772601,85.24160735010256,14.46919337271271,4.038730177603806,0.0,0.0,0.0,False
2026-01-09 22:00:00,15.365423584554083,86.26269265139751,6.655948273008391,5.395773321874386,0.0,0.0,0.0,False
2026-01-09 23:00:00,20.320087732402676,83.5819272757584,2.074034047728901,4.757264794317175,0.0,0.0,0.0,False
2026-01-10 00:00:00,18.68632384683726,79.1630096513069,8.518241058676267,1.9862577624516198,-0.0,-0.0,0.0,False
2026-01-10 01:00:00,19.571849762651397,82.8829670213441,5.157182894109837,2.0505094102431505,-0.0,-0.0,0.0,False
2026-01-10 02:00:00,18.447240090969014,76.56291069821194,8.251351559560362,2.0570823548423665,-0.0,-0.0,0.0,False
2026-01-10 03:00:00,22.16491717917448,80.63117127756594,17.489781000067296,2.6601107807467543,-0.0,-0.0,0.0,False
2026-01-10 04:00:00,20.92261206490026,73.88489130384107,20.141394698682348,2.7240850837999684,-0.0,-0.0,0.0,False
2026-01-10 05:00:00,26.772648081700275,75.85988091296608,9.807685556396166,1.673541778907282,-0.0,-0.0,0.0,False
2026-01-10 06:00:00,24.414033249212753,70.5786273911744,19.598252599518958,1.899467348494494,0.0,0.0,0.0,True
2026-01-10 07:00:00,29.150596689123574,56.325670454856514,20.63669027826728,2.4902435520936645,396.8165486086636,220.4487225495686,176.367826059095,True
2026-01-10 08:00:00,27.060771089663675,60.46159138437036,3.7868264923762354,3.562801302160444,833.2305243632212,561.1742710868485,272.0562532763727,True
2026-01-10 09:00:00,32.48483132326832,56.069550049695586,13.05216473343944,2.5834003014365425,869.4783526656056,529.1948240278666,340.283528637739,True
2026-01-10 10:00:00,33.05103875616472,57.64369797102677,12.881671524279739,2.6863714491798385,754.4668559521101,460.09523966615893,294.3716162859512,True
2026-01-10 11:00:00,37.65949882343146,43.23231178829846,17.53872223510166,4.50138336832573,412.30638882449165,237.99518157169007,174.31120725280158,True
2026-01-10 12:00:00,31.880474886306835,55.14664829071426,13.83123528602215,3.3959677904413574,1.0552630189345437e-13,6.365149755295285e-14,4.187480434050152e-14,True
2026-01-10 13:00:00,34.02956888351005,53.65873750049929,25.451175455216912,4.800531978425279,0.0,0.0,0.0,True
2026-01-10 14:00:00,35.018266655171956,54.735817941755855,14.98872188465731,3.6572827577887708,0.0,0.0,0.0,True
2026-01-10 15:00:00,29.23560900291111,56.041352683886046,12.39737310462607,4.5185684845601255,0.0,0.0,0.0,True
2026-01-10 16:00:00,27.861068954349637,68.35563416367974,8.323786615070674,3.8699626887645486,0.0,0.0,0.0,True
2026-01-10 17:00:00,27.393399066040324,65.76177578988052,28.40107480265209,2.828613488924849,0.0,0.0,0.0,True
2026-01-10 18:00:00,24.5909328544634,71.37373095987073,23.39387435182806,5.168643861353285,0.0,0.0,0.0,True
2026-01-10 19:00:00,24.3621735585113,80.7280891829082,26.293159279826,4.478575574771173,0.0,0.0,0.0,False
2026-01-10 20:00:00,20.995450895776887,71.30018475959379,21.874016154429796,4.586172845620361,0.0,0.0,0.0,False
2026-01-10 21:00:00,20.85687599343256,66.95630116653872,14.597020304930538,5.9575928772625835,0.0,0.0,0.0,False
2026-01-10 22:00:00,21.816214507791326,79.72659019435827,3.854909018218166,4.49494480901294,0.0,0.0,0.0,False
2026-01-10 23:00:00,18.158074990050117,91.23123616452307,98.09225712149095,3.8618549624243617,0.0,0.0,0.0,False
2026-01-11 00:00:00,13.616518520467721,95.0,81.00482682361769,2.608667748787408,-0.0,-0.0,0.0,False
2026-01-11 01:00:00,20.402527923541513,81.80357723238428,91.6674980764227,3.490213023774532,-0.0,-0.0,0.0,False
2026-01-11 02:00:00,16.66850944589266,90.12445932021005,79.59222132427539,3.046186276648086,-0.0,-0.0,0.0,False
2026-01-11 03:00:00,17.90080872019145,79.87526113866858,77.82677590642527,2.440167526134494,-0.0,-0.0,0.0,False
2026-01-11 04:00:00,18.942050882986784,88.27206944086898,58.66143063298682,2.9633367733425215,-0.0,-0.0,0.0,False
2026-01-11 05:00:00,23.316434560168283,76.69397123610518,51.90776214073196,4.44582313283398,-0.0,-0.0,0.0,False
2026-01-11 06:00:00,26.644301680529423,72.60510552606819,46.48264789582288,2.2267424593206746,0.0,0.0,0.0,True
2026-01-11 07:00:00,31.632160518771823,63.580716292987724,37.63258453471019,3.3000267830914463,311.837077326449,136.13930791370242,175.69776941274657,True
2026-01-11 08:00:00,25.977506645502032,77.9185676547186,39.20976701933057,3.901376233066671,526.4588606323434,224.02489754804554,302.4339630842979,True
2026-01-11 09:00:00,30.506099467046273,63.59099818654785,41.0211474965447,2.5287523611254334,589.788525034553,243.4953529837035,346.29317205084953,True
2026-01-11 10:00:00,35.60233085842478,51.113550609568804,28.077702055034763,4.056004718174102,622.8653711889323,313.58536164376227,309.28000954517,True
2026-01-11 11:00:00,36.142577615368495,43.358473684845194,18.137935798931778,3.9325348759219616,409.31032100534105,234.54891443409346,174.7614065712476,True
2026-01-11 12:00:00,36.28328493925954,46.36396524370091,19.661454406706298,4.636402798190663,9.838634270898084e-14,5.532950975638014e-14,4.3056832952600697e-14,True
2026-01-11 13:00:00,35.90489962653456,41.71399304397055,24.319366679861503,3.0354328751435338,0.0,0.0,0.0,True
2026-01-11 14:00:00,32.47540793631721,46.833441778865605,30.321827276328804,2.8328180077852556,0.0,0.0,0.0,True
2026-01-11 15:00:00,33.77522737749456,52.176302843444944,33.02549234945138,4.272629721530233,0.0,0.0,0.0,True
2026-01-11 16:00:00,25.47949368378895,72.53165271959155,53.57851335057529,4.2403884920447545,0.0,0.0,0.0,True
2026-01-11 17:00:00,27.937381585272863,62.37541627006152,64.11055141471468,3.9294421299548095,0.0,0.0,0.0,True
2026-01-11 18:00:00,25.488944958618198,75.30947218402706,56.60646054397671,3.9637445477472704,0.0,0.0,0.0,True
2026-01-11 19:00:00,23.32639953535923,76.72675606294557,70.90279226701654,4.226199227319023,0.0,0.0,0.0,False
2026-01-11 20:00:00,19.981374687589163,74.44113510200654,83.28490949156054,4.647567812916706,0.0,0.0,0.0,False
2026-01-11 21:00:00,21.856285715955128,83.09670572945801,56.15932867007774,5.518491009287539,0.0,0.0,0.0,False
2026-01-11 22:00:00,18.64299082421393,82.47955026718945,62.49910806917546,4.929555307127579,0.0,0.0,0.0,False
2026-01-11 23:00:00,15.783251467250215,95.0,61.47111671849569,4.682225134005163,0.0,0.0,0.0,False
2026-01-12 00:00:00,21.66288406367124,80.11915533994588,70.93363769230564,2.6895572407771176,-0.0,-0.0,0.0,False
2026-01-12 01:00:00,18.099920760800423,82.4506807185024,55.24359815201865,3.858055263437941,-0.0,-0.0,0.0,False
2026-01-12 02:00:00,21.581780922561748,77.26305929069706,43.827269726950874,2.681114240406572,-0.0,-0.0,0.0,False
2026-01-12 03:00:00,21.420287707116113,79.28745318514258,38.4484737157934,1.9610507212368802,-0.0,-0.0,0.0,False
2026-01-12 04:00:00,21.114547803974304,78.4507442700528,37.71609483694698,2.327520098301617,-0.0,-0.0,0.0,False
2026-01-12 05:00:00,24.357792373824775,68.50091464892616,45.27119779882361,2.3312229656439802,-0.0,-0.0,0.0,False
2026-01-12 06:00:00,26.826075687130267,59.59555478926639,42.697459324443344,2.226150581298461,0.0,0.0,0.0,True
2026-01-12 07:00:00,25.73693346270536,71.1106599974401,38.28687249916595,1.9014278733037606,308.5656375041702,133.29785370769696,175.26778379647322,True
2026-01-12 08:00:00,25.931385298294863,68.7886848120923,33.60315584416145,2.9799688002930727,575.0135377007252,267.25358975148714,307.7599479492381,True
2026-01-12 09:00:00,29.767540167517723,69.19281620203019,37.27759811869191,3.457743734646862,627.2240188130809,275.38697884322244,351.83703996985844,True
2026-01-12 10:00:00,34.91248397596737,53.40480729023977,40.02815395154448,3.9239923246816364,519.3714218981189,218.03364069228996,301.33778120582895,True
2026-01-12 11:00:00,34.35212238321241,52.634747835365864,37.53741817789637,3.065161837978346,312.31290911051815,136.55509447590467,175.75781463461348,True
2026-01-12 12:00:00,33.66821810303555,47.6145154093674,52.59736678403067,4.326725631176495,5.805148303909285e-14,1.9262552107016283e-14,3.8788930932076566e-14,True
2026-01-12 13:00:00,30.272032356597187,57.08981704086289,35.25928898105349,2.8460221383795017,0.0,0.0,0.0,True
2026-01-12 14:00:00,31.327563416222144,64.27096100397665,44.84937425606017,2.6573882470458434,0.0,0.0,0.0,True
2026-01-12 15:00:00,32.2472856132675,54.56646570687552,44.129074037592375,2.46101475597707,0.0,0.0,0.0,True
2026-01-12 16:00:00,29.36653910213723,67.54247793170818,51.99071656850339,4.559802901842802,0.0,0.0,0.0,True
2026-01-12 17:00:00,30.367336947137314,49.96866136259844,54.10399589147056,3.23544357469367,0.0,0.0,0.0,True
2026-01-12 18:00:00,27.24446160606655,69.6866713127788,57.54512490709368,4.22495389886206,0.0,0.0,0.0,True
2026-01-12 19:00:00,26.194306141358755,65.14450436938057,54.82522802130586,6.12579430593515,0.0,0.0,0.0,False
2026-01-12 20:00:00,24.41805117715759,69.37701382936132,47.70755011111112,3.8185626805961257,0.0,0.0,0.0,False
2026-01-12 21:00:00,20.025085506283776,81.08175084979656,49.158190505058485,6.591765240937462,0.0,0.0,0.0,False
2026-01-12 22:00:00,17.147228602862725,78.68623732156374,62.32071511875586,5.555091758373776,0.0,0.0,0.0,False
2026-01-12 23:00:00,17.659664362595603,80.42275312815987,73.37578938181451,4.074093920905208,0.0,0.0,0.0,False
2026-01-13 00:00:00,17.734065058883523,83.97537413882944,69.13847167635817,1.4910606494466174,-0.0,-0.0,0.0,False
2026-01-13 01:00:00,19.08066908041321,83.48797872120883,60.754483332459245,2.0670651153663813,-0.0,-0.0,0.0,False
2026-01-13 02:00:00,22.21033408348889,81.10953159579071,75.3164833155385,4.002216821773446,-0.0,-0.0,0.0,False
2026-01-13 03:00:00,20.568160071325988,79.96936077996457,63.26193808028677,3.4689012578342693,-0.0,-0.0,0.0,False
2026-01-13 04:00:00,18.03551423738294,79.38083416136399,53.1774659147012,5.359931580980858,-0.0,-0.0,0.0,False
2026-01-13 05:00:00,24.2850466414483,70.50955713631046,50.75696775855653,1.8830684977513208,-0.0,-0.0,0.0,False
2026-01-13 06:00:00,20.405192231016375,83.67396123100542,39.898273751651516,0.8322762137189745,0.0,0.0,0.0,True
2026-01-13 07:00:00,30.94589401581693,61.90041357133767,45.97420302808945,3.2986970656510786,270.1289848595527,102.15753584575344,167.97144901379926,True
2026-01-13 08:00:00,28.141100255891807,65.87534696531364,38.55381852711719,2.488846443185916,532.1395412106523,228.88559972688438,303.2539414837679,True
2026-01-13 09:00:00,29.269684691624455,52.24842347480997,36.314877544906665,3.984917086086312,636.8512245509334,283.90563754841634,352.945587002517,True
2026-01-13 10:00:00,26.197776773455608,63.35628545761815,35.37364088670756,2.3899136019797753,559.6806874620722,253.19087567688788,306.4898117851843,True
2026-01-13 11:00:00,34.409601471354875,44.15444313228812,48.94701071735665,3.8864548644891954,255.26494641321676,91.2242700142794,164.04067639893736,True
2026-01-13 12:00:00,36.65987374123653,46.239725552350045,33.89928910056108,4.816658015675813,8.095002402436244e-14,3.7455978947359113e-14,4.349404507700333e-14,True
2026-01-13 13:00:00,34.26524029461393,51.680079398124875,47.65862796508327,3.856926928530542,0.0,0.0,0.0,True
2026-01-13 14:00:00,30.804517802504925,55.81150523937004,39.61004801392545,2.9673650771189624,0.0,0.0,0.0,True
2026-01-13 15:00:00,33.53110856888344,61.29213801405447,38.977236582862474,3.802163284487253,0.0,0.0,0.0,True
2026-01-13 16:00:00,30.6344643260683,54.47207853828802,44.103600960766414,4.0681158772182675,0.0,0.0,0.0,True
2026-01-13 17:00:00,26.57159953873982,62.97612326295446,24.850761622134087,3.964991365340848,0.0,0.0,0.0,True
2026-01-13 18:00:00,28.91160250132431,66.51719988748926,26.866161382890027,3.9045558287350426,0.0,0.0,0.0,True
2026-01-13 19:00:00,24.122110098764267,74.94147635566381,36.05238490513972,3.4775480782584696,0.0,0.0,0.0,False
2026-01-13 20:00:00,23.355551151640213,75.42774577368986,29.920942174727884,6.279087186528312,0.0,0.0,0.0,False
2026-01-13 21:00:00,20.651524069870472,74.8220145230907,24.23792870331738,5.4771296974007795,0.0,0.0,0.0,False
2026-01-13 22:00:00,17.143242581902342,85.44330497771637,29.15430684923882,2.90635867704305,0.0,0.0,0.0,False
2026-01-13 23:00:00,18.205129746912142,86.07154765257292,7.970103468324737,6.350244065852454,0.0,0.0,0.0,False
2026-01-14 00:00:00,18.84992649050502,81.83014694905144,15.675332520781922,2.91619412014349,-0.0,-0.0,0.0,False
2026-01-14 01:00:00,20.131032718765308,79.37164578493882,22.005970315185152,2.6642280891037315,-0.0,-0.0,0.0,False
2026-01-14 02:00:00,20.59889867364261,68.11086533545699,16.531402781843042,2.320946993986844,-0.0,-0.0,0.0,False
2026-01-14 03:00:00,19.084022107614807,73.81318395097969,14.831387922340696,1.9107535358610481,-0.0,-0.0,0.0,False
2026-01-14 04:00:00,23.163590107440797,67.62564132302097,11.17336143816425,3.3981917400557724,-0.0,-0.0,0.0,False
2026-01-14 05:00:00,25.562788771165955,60.19296054425772,0.8188850603075934,4.044226458094073,-0.0,-0.0,0.0,False
2026-01-14 06:00:00,26.06404512630027,78.23111602779485,4.046609055511567,2.942039165990899,0.0,0.0,0.0,True
2026-01-14 07:00:00,29.910547975607706,66.27136774915888,5.676160898638386,2.318792654218255,471.619195506808,311.39453179868434,160.22466370812367,True
2026-01-14 08:00:00,27.54736958954486,58.95002386232617,93.34115941828065,2.3314996772783485,57.667251035197026,2.687979220005568,54.97927181519146,True
2026-01-14 09:00:00,33.49329702342623,51.95216373800093,85.26470435027414,3.208873715385871,147.35295649725856,15.199025651938081,132.15393084532047,True
2026-01-14 10:00:00,35.8118678066138,44.48264053499761,94.91483053282064,2.5542118904360334,44.038859411263005,1.5676154427329119,42.47124396853009,True
2026-01-14 11:00:00,36.30114186530264,52.0472777610209,0.8640342507929972,2.026892887181141,495.67982874603496,343.977889675978,151.70193907005694,True
2026-01-14 12:00:00,32.36512181753791,59.11201752402063,91.22354577743187,2.4294689285306523,1.0748056571531338e-14,6.603087853713218e-16,1.0087747786160016e-14,True
2026-01-14 13:00:00,35.43305324881986,49.25996050038252,96.93320222470595,1.989691883231405,0.0,0.0,0.0,True
2026-01-14 14:00:00,33.15418704585595,47.96768773673754,1.7383750066316566,3.008209594284397,0.0,0.0,0.0,True
2026-01-14 15:00:00,32.19814405735382,45.921450344228134,3.1420124776390708,3.404426632370486,0.0,0.0,0.0,True
2026-01-14 16:00:00,31.171663721279103,50.157051642012945,19.103916843927493,4.783000622322475,0.0,0.0,0.0,True
2026-01-14 17:00:00,28.89688013085166,65.35141527714562,21.674926927348395,3.8597093152139808,0.0,0.0,0.0,True
2026-01-14 18:00:00,25.271275609413898,76.63458425395675,99.95293118626705,3.6939197811235003,0.0,0.0,0.0,True
2026-01-14 19:00:00,24.178345081014157,69.99707610162253,8.254483171205834,5.110348712353254,0.0,0.0,0.0,False
2026-01-14 20:00:00,25.89850622219745,65.50353815935975,11.323923652778205,4.3245483926379364,0.0,0.0,0.0,False
2026-01-14 21:00:00,21.809532260025907,78.02668503158361,12.814945318124785,3.3206093210553003,0.0,0.0,0.0,False
2026-01-14 22:00:00,19.021226261398578,82.84443947382488,32.09509765508244,5.168627485819627,0.0,0.0,0.0,False
2026-01-14 23:00:00,16.21189464109396,83.17049007100874,44.849235545614704,6.508706436504067,0.0,0.0,0.0,False
2026-01-15 00:00:00,19.191927292117533,78.23277306861146,40.208291822625654,4.6595542011102005,-0.0,-0.0,0.0,False
2026-01-15 01:00:00,20.38388652876041,83.7598050687435,42.11488711725025,2.8322389926198763,-0.0,-0.0,0.0,False
2026-01-15 02:00:00,19.35460729141106,77.08509350835536,44.91860282194693,2.5143686136691326,-0.0,-0.0,0.0,False
2026-01-15 03:00:00,18.108535173441357,86.62402907433649,49.915070537524116,1.967048544312588,-0.0,-0.0,0.0,False
2026-01-15 04:00:00,21.51925314865492,63.78305986550177,62.87794984854452,0.5606156406664866,-0.0,-0.0,0.0,False
2026-01-15 05:00:00,21.078695767196415,78.10247818227718,60.21030291354259,3.0856762487318354,-0.0,-0.0,0.0,False
2026-01-15 06:00:00,24.82788508315575,70.66810894286849,55.28007867569164,3.378026576701166,0.0,0.0,0.0,True
2026-01-15 07:00:00,28.820589661834934,58.43763503200515,71.61508616255185,2.74079633222371,141.92456918724073,28.199616674577438,113.7249525126633,True
2026-01-15 08:00:00,31.59860178037463,54.14698117763702,72.7388492981446,3.34997991050305,236.08849044202753,45.05230741839562,191.0361830236319,True
2026-01-15 09:00:00,38.07605491282761,50.59563517575644,78.25400602295872,5.134068954511228,217.45993977041283,33.1021777834661,184.35776198694674,True
2026-01-15 10:00:00,33.619539578029375,46.377508987088405,71.71816396745282,2.571676839714304,244.92788469851956,48.48907192389505,196.43881277462452,True
2026-01-15 11:00:00,31.94842252741386,50.198443854378624,71.02859854244491,5.008216175011479,144.85700728777545,29.37697358451888,115.48003370325657,True
2026-01-15 12:00:00,35.99476185855478,41.03585874909865,86.1295100032533,5.3315624047481025,1.6986451177121226e-14,1.6492728079274028e-15,1.5337178369193824e-14,True
2026-01-15 13:00:00,35.0808151460174,50.90645405860456,88.86359285860641,4.251872203931816,0.0,0.0,0.0,True
2026-01-15 14:00:00,32.97106160585411,65.0021030647296,0.8546741931438078,5.329210002155867,0.0,0.0,0.0,True
2026-01-15 15:00:00,33.89136982106272,49.66478368918839,95.16053254335435,3.851871586465533,0.0,0.0,0.0,True
2026-01-15 16:00:00,31.440493547933205,54.0034610622766,90.13298257600036,2.679531829214612,0.0,0.0,0.0,True
2026-01-15 17:00:00,26.937151842588886,66.11337315024362,78.45812668696283,5.496048702223582,0.0,0.0,0.0,True
2026-01-15 18:00:00,24.489052939193602,72.95974328898845,63.974413484388435,4.454859283858944,0.0,0.0,0.0,True
2026-01-15 19:00:00,28.174892406143037,68.70927688363001,67.28099210023197,3.869178722448983,0.0,0.0,0.0,False
2026-01-15 20:00:00,20.231255770644655,80.63408398160684,55.518774452717764,5.102954717520754,0.0,0.0,0.0,False
2026-01-15 21:00:00,19.03130868546307,79.24181525158134,48.39920334621968,6.102613514096189,0.0,0.0,0.0,False
2026-01-15 22:00:00,22.65153415751583,81.37784140601731,52.22079961437419,4.045449710317095,0.0,0.0,0.0,False
2026-01-15 23:00:00,21.559577488520688,73.09409029455891,54.68569394496711,5.215816206916095,0.0,0.0,0.0,False
2026-01-16 00:00:00,17.054093886487117,83.06789874042205,49.60407937572313,1.6612340238728054,-0.0,-0.0,0.0,False
2026-01-16 01:00:00,19.06890118800832,79.01470717866893,55.106105819623,1.7964381780856944,-0.0,-0.0,0.0,False
2026-01-16 02:00:00,21.06709588396814,78.39871001574404,75.62896527700389,1.925702134113547,-0.0,-0.0,0.0,False
2026-01-16 03:00:00,18.728393734045433,85.70028997403313,67.55735156155527,2.280265558934144,-0.0,-0.0,0.0,False
2026-01-16 04:00:00,27.303344807186107,67.35590877995415,51.33808575628012,1.40533303766838,-0.0,-0.0,0.0,False
2026-01-16 05:00:00,24.181636576549003,71.79635787912049,63.23896828559094,3.5827748699484423,-0.0,-0.0,0.0,False
2026-01-16 06:00:00,28.030618836368653,66.28119884430906,43.268472539156164,3.7431384401233943,0.0,0.0,0.0,True
2026-01-16 07:00:00,29.874310101310215,61.68145932802456,30.051423620039714,1.6482729649758696,349.7428818998014,171.2481168154098,178.4947650843916,True
2026-01-16 08:00:00,28.73167559494004,68.16128893425547,31.229074492656707,3.256086543824357,595.5736853112652,286.7070748267245,308.8666104845407,True
2026-01-16 09:00:00,31.38081890814615,55.113028607305516,33.47951323268819,2.1281464438986886,665.2048676731181,309.7482611832074,355.4566064899107,True
2026-01-16 10:00:00,32.660772429752896,51.54495100448895,43.582258626824455,3.236328846425065,488.59197253310384,192.9567888036764,295.63518372942747,True
2026-01-16 11:00:00,30.563018863317527,64.36389945201408,47.35375599752268,3.7346561980943918,263.23122001238653,97.00694526489323,166.2242747474933,True
2026-01-16 12:00:00,34.17484222088539,63.70188776415931,43.32374794352671,3.707313994410245,6.940839066862861e-14,2.7536652110585546e-14,4.187173855804306e-14,True
2026-01-16 13:00:00,32.7866352084985,60.89884233778199,53.338581843234124,3.5465463198352336,0.0,0.0,0.0,True
2026-01-16 14:00:00,32.865672020282545,55.80666386490195,64.03323311890534,3.731445905488227,0.0,0.0,0.0,True
2026-01-16 15:00:00,37.641583041240146,37.73195378907135,62.1834434819184,4.362561548902683,0.0,0.0,0.0,True
2026-01-16 16:00:00,27.606843008657474,59.35193660316359,72.55870766052453,3.44767961136612,0.0,0.0,0.0,True
2026-01-16 17:00:00,30.20424989835596,49.3482842273014,69.37777307293624,4.31014813910735,0.0,0.0,0.0,True
2026-01-16 18:00:00,27.0442337668514,65.36576211788703,62.117680362307226,4.2441408018828115,0.0,0.0,0.0,True
2026-01-16 19:00:00,25.578803654874125,75.99566688403813,67.64152028637795,4.748067793844727,0.0,0.0,0.0,False
2026-01-16 20:00:00,21.232684805629678,81.71392385917106,77.48179984714062,5.1459721826345275,0.0,0.0,0.0,False
2026-01-16 21:00:00,20.473900791182352,67.60249479501181,88.0808708234564,6.617724368065831,0.0,0.0,0.0,False
2026-01-16 22:00:00,16.66850313117491,88.15492431859822,87.04713568785343,4.897411144896609,0.0,0.0,0.0,False
2026-01-16 23:00:00,14.852831254614586,80.45662736354463,94.68279135143644,4.435118250879356,0.0,0.0,0.0,False
2026-01-17 00:00:00,17.604681918233876,84.67572619292557,99.43053963356903,1.7995429661790354,-0.0,-0.0,0.0,False
2026-01-17 01:00:00,23.23495886796406,62.935356191396046,83.01806460860234,2.2205317356807055,-0.0,-0.0,0.0,False
2026-01-17 02:00:00,16.17990044146326,90.94393479433639,71.43890403317016,0.5850638581917678,-0.0,-0.0,0.0,False
2026-01-17 03:00:00,20.0671840937766,68.3293285508411,80.32041807318421,0.8519673542604356,-0.0,-0.0,0.0,False
2026-01-17 04:00:00,22.409610873403253,59.19183000276096,84.93878333341831,4.242275203510541,-0.0,-0.0,0.0,False
2026-01-17 05:00:00,25.61708819306169,74.90941391708998,91.93837465931739,3.414597437198048,-0.0,-0.0,0.0,False
2026-01-17 06:00:00,25.33044832947171,69.23273190914963,78.94882731361241,1.9366833996568558,0.0,0.0,0.0,True
2026-01-17 07:00:00,30.540832675118327,70.8290247896572,72.09145790195004,2.8000264645550796,139.54271049024982,27.261035271351947,112.28167521889787,True
2026-01-17 08:00:00,32.54247637276831,55.281393311338,74.5896897314201,2.9127718295229332,220.0597421063478,39.14250427182183,180.917237834526,True
2026-01-17 09:00:00,33.57207739342117,46.68965306733777,69.552926811227,3.473271031676962,304.47073188773004,64.89169860337499,239.57903328435503,True
2026-01-17 10:00:00,32.094363498251525,58.839190972721624,64.24400813944635,4.357294770918874,309.6559728874908,77.5043951229586,232.1515777645322,True
2026-01-17 11:00:00,36.056498268309404,45.05576367807759,72.61946528862745,5.138767263722179,136.9026735568627,26.239278837823687,110.66339471903902,True
2026-01-17 12:00:00,33.6399459859739,49.73951053657216,69.46779916115236,3.1327137509635556,3.7391162028218897e-14,7.991441280504313e-15,2.939972074771458e-14,True
2026-01-17 13:00:00,36.45208872069565,46.94917432128821,59.26961793444468,3.2029035869686675,0.0,0.0,0.0,True
2026-01-17 14:00:00,33.75183605282121,51.9366665339518,58.80215899574614,4.240865021927225,0.0,0.0,0.0,True
2026-01-17 15:00:00,32.60141150233953,52.233977147127256,68.30156982192807,5.090821771859609,0.0,0.0,0.0,True
2026-01-17 16:00:00,30.319728306659613,53.62530881223974,75.97013904134485,2.9749200887256784,0.0,0.0,0.0,True
2026-01-17 17:00:00,28.76658363100855,62.66565916753156,66.24887094731787,4.515816671299302,0.0,0.0,0.0,True
2026-01-17 18:00:00,25.56205260401386,70.60608117666143,75.4388729222573,3.7337922140575928,0.0,0.0,0.0,True
2026-01-17 19:00:00,23.234153577491497,76.69035329839168,84.85550450491348,4.520334097682077,0.0,0.0,0.0,False
2026-01-17 20:00:00,24.084368691358698,77.9219301966815,77.27792616979008,4.566501518915833,0.0,0.0,0.0,False
2026-01-17 21:00:00,19.267760145605575,80.32292005784666,98.55900824691201,2.9701228942408413,0.0,0.0,0.0,False
2026-01-17 22:00:00,20.460170741212785,77.85290891123941,11.086946607785876,5.24598527683168,0.0,0.0,0.0,False
2026-01-17 23:00:00,16.826671382542894,91.36637816604636,89.59004878809242,4.409421955540738,0.0,0.0,0.0,False
2026-01-18 00:00:00,19.318364929406258,85.62128076659198,70.89019724271083,2.456443228358435,-0.0,-0.0,0.0,False
2026-01-18 01:00:00,18.2681675125357,91.03605574785135,64.878370420544,1.2181920094254344,-0.0,-0.0,0.0,False
2026-01-18 02:00:00,20.14091020737868,79.48229862914846,62.946692134288185,2.2307519252716013,-0.0,-0.0,0.0,False
2026-01-18 03:00:00,25.237358472205344,62.616463830470565,63.7764319228296,3.8808677564395735,-0.0,-0.0,0.0,False
2026-01-18 04:00:00,22.620882811822913,80.86514675044053,46.11370450804736,2.9456973655165384,-0.0,-0.0,0.0,False
2026-01-18 05:00:00,26.3242928194699,56.011054487196915,26.786587521686215,2.15656321609336,-0.0,-0.0,0.0,False
2026-01-18 06:00:00,26.45964259507287,69.69052731067636,35.4839568239733,1.555818356821423,0.0,0.0,0.0,True
2026-01-18 07:00:00,31.13654670029607,63.64161661927641,17.06708768217345,2.1185835936457624,414.66456158913275,240.72537809307073,173.93918349606201,True
2026-01-18 08:00:00,28.58060596451531,58.49772312021115,17.962132080380798,2.483889553616694,710.4687769070266,407.9974057663843,302.4713711406423,True
2026-01-18 09:00:00,35.20472389425829,55.27888685540896,17.596079421950037,4.276149544716071,824.0392057804996,475.3284288643496,348.71077691615005,True
2026-01-18 10:00:00,30.379880570507638,62.95060188999934,14.354891740500648,4.001586051995181,741.708394625949,444.66587028303206,297.042524342917,True
2026-01-18 11:00:00,36.11694758277849,51.087300897191284,10.134471629382062,2.8739178073423117,449.3276418530897,282.65346162656175,166.67418022652794,True
2026-01-18 12:00:00,35.999846366828415,43.67921800273885,95.66415365552638,3.5401296788410255,5.309880347354375e-15,1.611597770556816e-16,5.148720570298694e-15,True
2026-01-18 13:00:00,34.93983686478843,46.194367195811246,0.035111613706249045,4.244151425391657,0.0,0.0,0.0,True
2026-01-18 14:00:00,32.398725788713875,59.75864717938737,4.429702253684354,5.16702929056712,0.0,0.0,0.0,True
2026-01-18 15:00:00,31.65229851526358,49.633707313145536,7.785016291283796,3.3988264067762564,0.0,0.0,0.0,True
2026-01-18 16:00:00,29.793596477866906,55.64723674966441,15.834832277787655,3.6692616395368263,0.0,0.0,0.0,True
2026-01-18 17:00:00,28.682750393156027,69.25035522989008,4.344174091238301,4.564713196584834,0.0,0.0,0.0,True
2026-01-18 18:00:00,27.625717535169596,66.41525123043775,94.99738740457951,6.614645779601461,0.0,0.0,0.0,True
2026-01-18 19:00:00,28.310683647692176,63.826202763029634,91.38276426924148,5.802760587667892,0.0,0.0,0.0,False
2026-01-18 20:00:00,25.635026274326403,63.75450746535729,88.38219978234628,4.091621644430644,0.0,0.0,0.0,False
2026-01-18 21:00:00,20.781431739289296,77.69180107560764,75.70262404290463,3.9075814250125926,0.0,0.0,0.0,False
2026-01-18 22:00:00,16.84215834504984,87.38040715178367,62.13073675741259,3.797403289507745,0.0,0.0,0.0,False
2026-01-18 23:00:00,19.411128117721404,67.66046805627022,58.26008608393812,5.5801796152423755,0.0,0.0,0.0,False
2026-01-19 00:00:00,19.90080693650621,80.18926734833272,51.173398048490924,2.1285205468737933,-0.0,-0.0,0.0,False
2026-01-19 01:00:00,20.18579874610534,78.66587619944406,35.34500516585399,1.3884507112247952,-0.0,-0.0,0.0,False
2026-01-19 02:00:00,18.985147354534018,81.41678544405964,43.02674191224389,2.3222252930011438,-0.0,-0.0,0.0,False
2026-01-19 03:00:00,20.366506210519425,73.95310450978725,35.873437154059616,2.352538258417336,-0.0,-0.0,0.0,False
2026-01-19 04:00:00,23.15757920003981,79.71534417768235,51.33624870326622,3.547493356950313,-0.0,-0.0,0.0,False
2026-01-19 05:00:00,23.279025246061686,76.25702231882444,62.340790876218534,2.621595238394237,-0.0,-0.0,0.0,False
2026-01-19 06:00:00,22.031103139720592,70.97966431724504,75.43191610813642,2.550884231960272,0.0,0.0,0.0,True
2026-01-19 07:00:00,29.661003807946322,61.60449494649667,96.69397395607376,3.93806146597752,16.530130219631186,0.3825432871091499,16.147586932522035,True
2026-01-19 08:00:00,30.983330325131202,60.97453954497117,9.66918282221883,3.708594986729734,782.2878242056624,494.65288900108135,287.6349352045811,True
2026-01-19 09:00:00,30.09982133655315,55.3517949632877,11.393717418069912,2.438622250821129,886.0628258193009,549.5751319092193,336.4876939100816,True
2026-01-19 10:00:00,31.03488778114788,56.481536075251796,86.63803627796267,3.1482041438285426,115.718000277304,10.823538051844293,104.8944622254597,True
2026-01-19 11:00:00,33.849117059527245,51.31160913728244,91.93732997793063,3.7275356130651014,40.31335011034684,2.275232675967162,38.03811743437968,True
2026-01-19 12:00:00,36.01292099595727,33.227895236714645,82.60068570427461,3.7073798597214633,2.1308014559618883e-14,2.5952138963849107e-15,1.871280066323397e-14,True
2026-01-19 13:00:00,31.685763352313963,57.03619759460838,73.4311037741956,0.6790434800635023,0.0,0.0,0.0,True
2026-01-19 14:00:00,34.147552327046775,51.287526031853716,84.17837351345486,4.988852202985636,0.0,0.0,0.0,True
2026-01-19 15:00:00,31.911607506222982,48.412012152224854,81.73459351347805,4.950619745921882,0.0,0.0,0.0,True
2026-01-19 16:00:00,27.214810641384567,60.95746822856845,81.5683003163428,3.2701421304988623,0.0,0.0,0.0,True
2026-01-19 17:00:00,27.095259476522457,69.2508881116728,87.55565610503879,5.257437828997671,0.0,0.0,0.0,True
2026-01-19 18:00:00,27.892970683191603,55.43297138480504,88.4841080305718,4.652314794298662,0.0,0.0,0.0,True
2026-01-19 19:00:00,24.235753335784764,66.05514810691446,66.64713504956381,3.369193232845171,0.0,0.0,0.0,False
2026-01-19 20:00:00,22.35969073930934,72.04688772959429,76.07311035928825,5.3294584270400644,0.0,0.0,0.0,False
2026-01-19 21:00:00,19.819999984644678,74.9930075935894,96.01792271302503,4.376202747868622,0.0,0.0,0.0,False
2026-01-19 22:00:00,19.103414524323327,79.3527301971991,87.85954400628572,3.8223500664777563,0.0,0.0,0.0,False
2026-01-19 23:00:00,17.969477733775737,75.35530455880226,94.62578657175095,3.7420914598957147,0.0,0.0,0.0,False
2026-01-20 00:00:00,20.01767620805721,80.03822526902708,98.31062493980448,2.859605522875624,-0.0,-0.0,0.0,False
2026-01-20 01:00:00,18.83312776395884,79.97551662140047,2.1687790886275593,0.6017980635713709,-0.0,-0.0,0.0,False
2026-01-20 02:00:00,22.414758727446518,80.97661446102802,5.21059184972205,2.66088733576207,-0.0,-0.0,0.0,False
2026-01-20 03:00:00,21.31872033979505,82.26924431082557,97.53643334522889,2.0356082076611277,-0.0,-0.0,0.0,False
2026-01-20 04:00:00,22.284815090770522,76.92105094622555,97.5534585081391,2.3780136959895386,-0.0,-0.0,0.0,False
2026-01-20 05:00:00,24.282462490990174,70.56517825381579,92.68387670295897,1.6043293024934568,-0.0,-0.0,0.0,False
2026-01-20 06:00:00,26.303683971683558,74.54092987711566,98.86294623325256,3.6227149695666987,0.0,0.0,0.0,True
2026-01-20 07:00:00,27.319719319696738,63.72132418886562,90.25273576979339,3.3329016106952567,48.736321151033046,3.3253205990712837,45.41100055196176,True
2026-01-20 08:00:00,30.448919136805948,70.00323916072594,89.0791406914243,3.200221503256363,94.57741592382315,7.230066571509038,87.34734935231411,True
2026-01-20 09:00:00,32.21246341902316,53.99714371894271,82.64889760777214,3.5672137227127,173.51102392227858,21.074252795790265,152.4367711264883,True
2026-01-20 10:00:00,32.870004572318045,63.51909770067818,99.2102958008619,3.2698004186212137,6.8390389792884,0.03780572460009237,6.801233254688308,True
2026-01-20 11:00:00,30.625477666163214,56.50632601962715,90.59232663350451,5.413608333814684,47.03836683247743,3.097651135973398,43.94071569650403,True
2026-01-20 12:00:00,36.215177355182774,41.50939101292136,83.54407414622722,3.4835610158474846,2.0152696923829016e-14,2.321419004324596e-15,1.783127791950442e-14,True
2026-01-20 13:00:00,39.44603010940443,42.53016294060687,63.910422780221666,3.3840239976432986,0.0,0.0,0.0,True
2026-01-20 14:00:00,32.812303155082404,55.52399690900198,52.4920903328308,5.111873877629577,0.0,0.0,0.0,True
2026-01-20 15:00:00,32.63177687809899,48.4963429933076,52.395086969701254,2.51748081602035,0.0,0.0,0.0,True
2026-01-20 16:00:00,30.54447601049772,57.24254290262816,46.610364074291965,3.7404151851855656,0.0,0.0,0.0,True
2026-01-20 17:00:00,26.553600115831593,67.50320970115177,70.48479775245778,3.5854388407256543,0.0,0.0,0.0,True
2026-01-20 18:00:00,30.22395427894942,60.752986471905515,73.41862980266728,4.190105395623834,0.0,0.0,0.0,True
2026-01-20 19:00:00,26.24750160530995,64.80056148340904,70.09710004990501,4.418810571697116,0.0,0.0,0.0,False
2026-01-20 20:00:00,18.44589925629762,79.91851775981466,52.98971382649472,3.1666883200952127,0.0,0.0,0.0,False
2026-01-20 21:00:00,22.561270713707998,72.7102007692842,75.26117409789782,5.969384452789765,0.0,0.0,0.0,False
2026-01-20 22:00:00,20.148831173077372,79.19876784043532,67.25888698580587,3.4606776310655376,0.0,0.0,0.0,False
2026-01-20 23:00:00,18.221324040743074,78.43474714016253,50.49419421953411,5.647626223691119,0.0,0.0,0.0,False
2026-01-21 00:00:00,22.95491665016265,72.64726777899057,45.654039760212584,1.9150501111137632,-0.0,-0.0,0.0,False
2026-01-21 01:00:00,20.214405878090396,83.40975076193165,60.248081547018785,2.259981741507998,-0.0,-0.0,0.0,False
2026-01-21 02:00:00,18.07591769700992,72.21371619428812,65.26937711456264,1.7645954881349155,-0.0,-0.0,0.0,False
2026-01-21 03:00:00,21.6972832808111,82.04678257231305,54.856702518662985,0.9807500463225667,-0.0,-0.0,0.0,False
2026-01-21 04:00:00,21.489908689644487,77.14592825417344,52.703411424923615,3.619952668787152,-0.0,-0.0,0.0,False
2026-01-21 05:00:00,26.064897930992696,71.39572092547053,46.64428216008707,1.7979671534691648,-0.0,-0.0,0.0,False
2026-01-21 06:00:00,23.314442872051227,73.73422491497978,45.88580990917109,1.8884576703461913,0.0,0.0,0.0,True
2026-01-21 07:00:00,29.73588601520709,61.44455653476995,26.167514605674455,3.3533663616744303,369.16242697162767,190.79325648261528,178.3691704890124,True
2026-01-21 08:00:00,29.07206673802033,54.775739354316364,46.67505831467349,3.0670774705650388,461.8075415481653,172.3810215602994,289.42651998786596,True
2026-01-21 09:00:00,29.389352411092727,57.71342950825119,59.79645459002063,3.6018917239338326,402.0354540997937,113.14275444725912,288.8926996525346,True
2026-01-21 10:00:00,33.14985722257002,48.35536062922924,47.490727970864214,3.5148794177980114,454.74363511459256,167.14780067825143,287.59583443634114,True
2026-01-21 11:00:00,35.33808871994397,48.4365593247494,59.59978724433654,4.315132065249449,202.0010637783173,57.126201674600544,144.87486210371677,True
2026-01-21 12:00:00,32.05516117910748,55.01127767210689,70.0428708726862,2.93105767827182,3.668690229740879e-14,7.693239885832346e-15,2.8993662411576447e-14,True
2026-01-21 13:00:00,34.72552410580489,40.96089291894166,69.40053841759544,5.728632111322025,0.0,0.0,0.0,True
2026-01-21 14:00:00,31.42527206820995,54.650616775070596,77.3333419075243,4.392210367240171,0.0,0.0,0.0,True
2026-01-21 15:00:00,29.390154310889525,56.283355969113146,68.88473098156197,4.684605982513235,0.0,0.0,0.0,True
2026-01-21 16:00:00,34.363660652718,46.67576236711125,71.2792598229467,3.35495035047152,0.0,0.0,0.0,True
2026-01-21 17:00:00,30.655107421221413,57.163251553013076,62.496091587744445,4.446521889416074,0.0,0.0,0.0,True
2026-01-21 18:00:00,27.210441020031958,65.4945220564997,67.72849117832897,5.663363260719846,0.0,0.0,0.0,True
2026-01-21 19:00:00,24.847583961535626,82.87501176840105,70.33307184452974,4.315898052087154,0.0,0.0,0.0,False
2026-01-21 20:00:00,21.727706533112613,82.28352115122553,76.74674971413185,4.272516154581205,0.0,0.0,0.0,False
2026-01-21 21:00:00,17.687901877589987,95.0,61.97672458773553,4.99222108861176,0.0,0.0,0.0,False
2026-01-21 22:00:00,21.54620770376397,78.43845349854219,62.22905646385078,7.1546837214906684,0.0,0.0,0.0,False
2026-01-21 23:00:00,18.476948861021878,70.66561672485226,69.85534045669965,5.425181203417973,0.0,0.0,0.0,False
2026-01-22 00:00:00,21.002464093204985,83.4753174552318,73.7568603998601,2.15751958015074,-0.0,-0.0,0.0,False
2026-01-22 01:00:00,20.047053118366716,84.17327249728517,83.04297229785521,2.1287412765022866,-0.0,-0.0,0.0,False
2026-01-22 02:00:00,18.574124288054843,76.50976199569597,76.50746286240843,1.312108797659182,-0.0,-0.0,0.0,False
2026-01-22 03:00:00,21.213785803040558,72.51350444699993,75.36578049231684,3.187239661917566,-0.0,-0.0,0.0,False
2026-01-22 04:00:00,21.75799803619979,71.48325814516573,54.78037885068335,3.452524836738828,-0.0,-0.0,0.0,False
2026-01-22 05:00:00,22.29925018659204,73.23539888339924,47.11245958259343,2.594474129138392,-0.0,-0.0,0.0,False
2026-01-22 06:00:00,24.21024470388592,77.53382878333151,62.192437114596146,1.4803554140302746,0.0,0.0,0.0,True
2026-01-22 07:00:00,29.702328393536707,53.702731681198614,71.91528720543545,2.1048945456621757,140.42356397282273,27.606288246361217,112.81727572646152,True
2026-01-22 08:00:00,32.075328599209165,64.7382034067156,74.75907874095446,2.7157775730015827,218.59279025256131,38.62238384591969,179.97040640664162,True
2026-01-22 09:00:00,28.338591262392296,55.52256382113668,69.49459775192173,3.3820394164939196,305.0540224807827,65.14056964219411,239.91345283858857,True
2026-01-22 10:00:00,34.32352401338778,52.24260503276748,89.25531434252798,1.1873090383620593,93.05170735049073,6.998679417604709,86.05302793288602,True
2026-01-22 11:00:00,36.01447905215676,41.06422480656443,76.0988224339938,4.127395582065042,119.50588783003097,19.994320116461523,99.51156771356945,True
2026-01-22 12:00:00,34.672826068297056,57.77938419330578,76.63691713061036,2.832686289269638,2.861152465421239e-14,4.6791739506116425e-15,2.3932350703600748e-14,True
2026-01-22 13:00:00,32.835954467361184,52.07990849272226,65.46153205447513,2.852867195821926,0.0,0.0,0.0,True
2026-01-22 14:00:00,36.43067723921871,42.93775250686097,70.47888892763694,1.021670003237357,0.0,0.0,0.0,True
2026-01-22 15:00:00,34.80538916734439,53.426090143669725,45.966404440874896,3.379400254349007,0.0,0.0,0.0,True
2026-01-22 16:00:00,33.774923936976954,52.92697083294702,40.31641079981995,4.630793458088852,0.0,0.0,0.0,True
2026-01-22 17:00:00,32.731791350661084,59.60628921471143,32.84077894807001,3.7579120432417095,0.0,0.0,0.0,True
2026-01-22 18:00:00,27.625001625784833,61.708125629698834,31.857307838439624,4.359434580282804,0.0,0.0,0.0,True
2026-01-22 19:00:00,27.37223045064413,62.48643957410929,31.86991194982693,4.337074070135725,0.0,0.0,0.0,False
2026-01-22 20:00:00,26.90036545841309,69.32458864021703,26.67523843671586,3.709016365256052,0.0,0.0,0.0,False
2026-01-22 21:00:00,21.88559299411718,76.17192929049835,26.897396558918842,4.824189759628143,0.0,0.0,0.0,False
2026-01-22 22:00:00,19.115651383367204,78.57508055903986,17.98078012619726,4.810863607992633,0.0,0.0,0.0,False
2026-01-22 23:00:00,19.197295433329224,80.58390029058481,22.69206015805014,5.010862101210947,0.0,0.0,0.0,False
2026-01-23 00:00:00,20.72206017549472,79.43382761266184,15.146615196663618,1.9910300554862252,-0.0,-0.0,0.0,False
2026-01-23 01:00:00,18.69809478841786,80.44272433561635,19.33603085353036,3.50481283639645,-0.0,-0.0,0.0,False
2026-01-23 02:00:00,22.05376063190832,76.885589262362,11.191050802503298,1.91658430271878,-0.0,-0.0,0.0,False
2026-01-23 03:00:00,19.933993293392405,83.93435952641087,26.104794368447585,1.2759533622381842,-0.0,-0.0,0.0,False
2026-01-23 04:00:00,21.82986572146462,77.1620161685427,26.933428794661722,1.2185037013178053,-0.0,-0.0,0.0,False
2026-01-23 05:00:00,24.47845937240465,69.54047895041153,28.842711166214542,3.2036893612263393,-0.0,-0.0,0.0,False
2026-01-23 06:00:00,26.030068971344093,74.4210138529099,23.704189775208704,2.8845365575334676,0.0,0.0,0.0,True
2026-01-23 07:00:00,30.143673483623363,60.13499413881222,24.056429445212757,2.266557343482141,379.71785277393616,201.85990680134816,177.857945972588,True
2026-01-23 08:00:00,35.80181599073016,49.52842643212692,41.97875686903825,3.7626709015402477,502.4787051056623,204.08107381946525,298.39763128619705,True
2026-01-23 09:00:00,30.01129175728383,63.600926154254985,47.2560815428954,3.671912724557158,527.439184571046,194.73446539467895,332.704719176367,True
2026-01-23 10:00:00,33.05565624960983,56.71592029114852,35.40705802292064,4.191595175858485,559.3912865732498,252.92910241276786,306.4621841604819,True
2026-01-23 11:00:00,31.830939976202156,56.5038461989923,32.15928258303205,4.240444931458073,339.2035870848397,161.0827028877114,178.12088419712828,True
2026-01-23 12:00:00,34.83725867374589,62.90367584867471,37.8124806548949,2.9607284071938054,7.615774651289708e-14,3.3152429341852786e-14,4.3005317171044294e-14,True
2026-01-23 13:00:00,33.92275950145997,54.7772945101318,39.44738822252168,5.698091933167736,0.0,0.0,0.0,True
2026-01-23 14:00:00,34.356557360110706,50.28120891681595,40.08059042092725,4.405803799366013,0.0,0.0,0.0,True
2026-01-23 15:00:00,28.08432017654757,67.81747232346434,42.05717192131465,4.338212280721215,0.0,0.0,0.0,True
2026-01-23 16:00:00,34.40182594501102,56.530380054999306,57.7006391649208,3.4226152886892574,0.0,0.0,0.0,True
2026-01-23 17:00:00,30.04448746272544,57.55322481042534,62.15216901892876,4.976276381920215,0.0,0.0,0.0,True
2026-01-23 18:00:00,22.515655351114667,71.53136768408226,66.54094606513098,4.723753830562434,0.0,0.0,0.0,True
2026-01-23 19:00:00,26.949164327518858,58.56230760082654,69.08175329767238,4.319465485419048,0.0,0.0,0.0,False
2026-01-23 20:00:00,23.486662440686125,72.87985544944696,61.668295900488374,4.971483869157864,0.0,0.0,0.0,False
2026-01-23 21:00:00,24.462004191547997,68.3296518813417,70.99979903835379,4.327284992083864,0.0,0.0,0.0,False
2026-01-23 22:00:00,18.137218234698896,81.42258643911867,61.8714301543161,4.185150032131389,0.0,0.0,0.0,False
2026-01-23 23:00:00,18.7339913221075,90.78367358176823,61.48407005847139,4.128115189523579,0.0,0.0,0.0,False
2026-01-24 00:00:00,18.240795510793436,91.39082136302888,53.19822608590499,3.3668306721679584,-0.0,-0.0,0.0,False
2026-01-24 01:00:00,16.62796895922366,80.88589246421921,50.96732664413241,0.5903315577140853,-0.0,-0.0,0.0,False
2026-01-24 02:00:00,18.31663851683716,95.0,54.83822295336529,3.0406373091810552,-0.0,-0.0,0.0,False
2026-01-24 03:00:00,22.861573145225726,73.50125092171771,53.3178902952277,1.555048833284172,-0.0,-0.0,0.0,False
2026-01-24 04:00:00,18.403758999050485,78.42188388708965,62.14863133593559,3.1152970608295214,-0.0,-0.0,0.0,False
2026-01-24 05:00:00,23.14914918061304,75.9930011311113,39.59863719779884,3.6922035504382156,-0.0,-0.0,0.0,False
2026-01-24 06:00:00,24.909629303830414,80.70810357392656,55.73297672481533,3.022824844769919,0.0,0.0,0.0,True
2026-01-24 07:00:00,28.942113858706353,67.82090561083858,78.80095377630846,2.183666233049016,105.99523111845768,15.728984627797365,90.26624649066032,True
2026-01-24 08:00:00,28.914518990232754,61.77140054935428,70.56828243079929,1.2836604306428863,254.88615091936606,52.512160443116144,202.3739904762499,True
2026-01-24 09:00:00,29.079890099579696,64.7023384668742,77.90137705800299,3.7648564526054855,220.98622941997007,34.18443951527895,186.80178990469113,True
2026-01-24 10:00:00,35.44647188507647,50.26903773061514,82.64642348263453,3.864995870139906,150.28638110555582,18.256043498232472,132.03033760732336,True
2026-01-24 11:00:00,34.94797723473522,46.495236399586844,83.87960868658098,4.572084992800264,80.6019565670951,9.095345563421438,71.50661100367367,True
2026-01-24 12:00:00,33.08010460674514,56.598960331019626,56.28212500895506,2.368816050596892,5.353895567330731e-14,1.6384265598937216e-14,3.7154690074370095e-14,True
2026-01-24 13:00:00,35.07513678422164,52.89940210814555,64.97525824957711,4.499424188410279,0.0,0.0,0.0,True
2026-01-24 14:00:00,34.655873647287606,50.92569980547532,62.961220642792455,3.695181017781908,0.0,0.0,0.0,True
2026-01-24 15:00:00,34.373095615156515,55.00711052101319,58.60410640743811,4.149894139568225,0.0,0.0,0.0,True
2026-01-24 16:00:00,31.39136409017027,57.38589695339527,76.6459420892744,3.406367247709034,0.0,0.0,0.0,True
2026-01-24 17:00:00,25.84273674779405,70.65960188064369,94.37872715213484,4.869455998416164,0.0,0.0,0.0,True
2026-01-24 18:00:00,28.809134029853013,61.516790791333335,14.23414030265161,3.506249923805144,0.0,0.0,0.0,True
2026-01-24 19:00:00,26.241244144075317,66.1476447171145,98.9946793065937,3.7792875222028557,0.0,0.0,0.0,False
2026-01-24 20:00:00,20.122338601726216,80.90804918789141,91.23066382373634,3.692746090268746,0.0,0.0,0.0,False
2026-01-24 21:00:00,22.813339802593667,80.64036454768816,1.6335395638399177,4.731858121987286,0.0,0.0,0.0,False
2026-01-24 22:00:00,20.814294133019803,85.09067859350515,5.493909847709233,4.831322790871462,0.0,0.0,0.0,False
2026-01-24 23:00:00,19.516753390345244,87.43550061070385,12.579745722243615,5.869589366132531,0.0,0.0,0.0,False
2026-01-25 00:00:00,19.986549070866733,74.01008542623966,12.840976295443909,2.1156427221362204,-0.0,-0.0,0.0,False
2026-01-25 01:00:00,20.329236949232026,74.40423873058756,9.589198880186757,1.7269784491535571,-0.0,-0.0,0.0,False
2026-01-25 02:00:00,18.50355733342728,76.6971225490437,4.404921842821977,3.9014435882727367,-0.0,-0.0,0.0,False
2026-01-25 03:00:00,22.816066333114772,85.76309858226622,0.6936635403265541,0.7120215837254178,-0.0,-0.0,0.0,False
2026-01-25 04:00:00,25.514835542670113,76.17298260403497,95.89939267631337,1.8727168531984364,-0.0,-0.0,0.0,False
2026-01-25 05:00:00,25.577354358466298,77.18845058924646,91.01339540835176,3.7432223786325256,-0.0,-0.0,0.0,False
2026-01-25 06:00:00,28.567330451748962,55.9431088109515,94.66172007557782,3.203347383191579,0.0,0.0,0.0,True
2026-01-25 07:00:00,30.339431150485737,64.00910399600465,95.0995206428558,1.6288512186495472,24.50239678572103,0.8405144275428772,23.66188235817815,True
2026-01-25 08:00:00,31.773269139874,58.32963111245116,86.67201428160257,2.582683253157488,115.42374213408364,10.76856190708938,104.65518022699426,True
2026-01-25 09:00:00,32.616548887460226,46.67359888455052,80.06050631469111,2.7681677672732437,199.39493685308886,27.830838589853112,171.56409826323576,True
2026-01-25 10:00:00,33.615934812646245,62.48412951262904,91.4830468657322,3.0109349714292635,73.75897777117407,4.397412298360127,69.36156547281395,True
2026-01-25 11:00:00,32.27819959888589,57.213679714666334,83.8620251192645,3.698438248227018,80.68987440367749,9.115198163793746,71.57467623988374,True
2026-01-25 12:00:00,31.26373159733952,48.89212875357605,79.32129029583899,1.8564357942950251,2.5324115649698092e-14,3.665690252242952e-15,2.165842539745514e-14,True
2026-01-25 13:00:00,37.827254751408475,34.21765323240025,96.34325076369902,2.9111229870865833,0.0,0.0,0.0,True
2026-01-25 14:00:00,34.89766944747519,47.598147672028965,5.126792606668005,1.742163512487291,0.0,0.0,0.0,True
2026-01-25 15:00:00,29.591479847219944,62.83777093929528,99.46661419898095,2.6937266717523096,0.0,0.0,0.0,True
2026-01-25 16:00:00,29.349749733043083,66.4369084394017,98.33456420274132,4.88697378815868,0.0,0.0,0.0,True
2026-01-25 17:00:00,30.16296394467935,62.61361036973861,7.271288700941113,3.600118416306704,0.0,0.0,0.0,True
2026-01-25 18:00:00,24.91128305346883,67.17171275856012,91.93202997495536,5.640316109427568,0.0,0.0,0.0,True
2026-01-25 19:00:00,22.63527769241059,78.16089276570251,85.46173762194917,4.286595186359073,0.0,0.0,0.0,False
2026-01-25 20:00:00,22.46639097064269,75.46274784913858,67.99722156240091,3.697800397068961,0.0,0.0,0.0,False
2026-01-25 21:00:00,23.364772286123877,69.05288661581943,52.96566587464747,3.6977664903540277,0.0,0.0,0.0,False
2026-01-25 22:00:00,19.13276098376576,88.00609769688621,53.99420742736004,4.115711881498633,0.0,0.0,0.0,False
2026-01-25 23:00:00,14.315558925349777,91.61444526031445,52.411422792569,4.663059606049361,0.0,0.0,0.0,False
2026-01-26 00:00:00,17.255133995388938,90.24080717069775,46.35288873296582,2.0006445714006613,-0.0,-0.0,0.0,False
2026-01-26 01:00:00,21.108971733113965,79.51230635447975,71.0217156990476,0.7082329746037901,-0.0,-0.0,0.0,False
2026-01-26 02:00:00,22.79105516783477,76.75507744900318,67.43964812013951,0.8035335493361646,-0.0,-0.0,0.0,False
2026-01-26 03:00:00,23.76369402282517,61.79325658691762,68.3467808362692,4.615643528335292,-0.0,-0.0,0.0,False
2026-01-26 04:00:00,26.23531456164065,60.77035899492922,68.64649164565594,4.019990980534624,-0.0,-0.0,0.0,False
2026-01-26 05:00:00,26.777325617454267,72.35357516778325,68.1483917573986,1.1788562364850537,-0.0,-0.0,0.0,False
2026-01-26 06:00:00,28.493832347358396,61.15373359237001,76.54678237781457,3.119450040178185,0.0,0.0,0.0,True
2026-01-26 07:00:00,29.199773555748994,64.1368192974458,77.93169375997661,3.229669388148613,110.34153120011693,17.04535491062093,93.296176289496,True
2026-01-26 08:00:00,30.892239713554314,63.95225700122302,77.30246744732483,4.6784901813504876,196.56639793840952,31.231005511784062,165.33539242662545,True
2026-01-26 09:00:00,31.007144180874377,61.94891608084864,63.67897965206117,2.7721948495723927,363.21020347938827,92.34515633807703,270.86504714131127,True
2026-01-26 10:00:00,33.37205046355432,53.403835546436454,59.26341387031334,4.488423742648986,352.78918451761456,100.59998900506605,252.1891955125485,True
2026-01-26 11:00:00,35.76967486505876,42.613361658883356,61.896059942390366,2.4088893844360073,190.51970028804814,50.816858676986776,139.70284161106136,True
2026-01-26 12:00:00,34.093111639817735,50.6267520443343,69.19488461377114,2.235986159403164,3.772538595511006e-14,8.13494407136028e-15,2.959044188374978e-14,True
2026-01-26 13:00:00,36.03722413645977,46.747000668475785,72.29008447584914,3.885147248358389,0.0,0.0,0.0,True
2026-01-26 14:00:00,34.56065849297547,46.21066742183137,85.05597855914027,3.8798885335243947,0.0,0.0,0.0,True
2026-01-26 15:00:00,32.13329956884493,60.28870914691148,8.14594247371133,3.110122925402989,0.0,0.0,0.0,True
2026-01-26 16:00:00,31.314763016989502,58.42096522650659,15.290819924386142,4.102519263772564,0.0,0.0,0.0,True
2026-01-26 17:00:00,29.45654416685,57.92141602169772,6.6388781462679844,2.923409699660242,0.0,0.0,0.0,True
2026-01-26 18:00:00,26.61437882156526,69.11344401557436,97.59587688047361,5.50087397534466,0.0,0.0,0.0,True
2026-01-26 19:00:00,24.27323194565862,67.88119139800186,97.87783861164155,5.171291951924299,0.0,0.0,0.0,False
2026-01-26 20:00:00,26.305784255460246,79.95057480677359,1.2805031650343608,4.777982538057408,0.0,0.0,0.0,False
2026-01-26 21:00:00,22.13335157350312,76.83362801483527,9.946959422051464,5.540568055824355,0.0,0.0,0.0,False
2026-01-26 22:00:00,19.493904579690494,79.74587696595198,33.32887804541724,4.553010158285705,0.0,0.0,0.0,False
2026-01-26 23:00:00,16.206311324928254,95.0,39.651786886535206,6.361912649189797,0.0,0.0,0.0,False
2026-01-27 00:00:00,17.13026835574194,86.91292905764027,58.72043100646482,1.315756261159389,-0.0,-0.0,0.0,False
2026-01-27 01:00:00,16.95513914730914,85.85503726596598,53.29275895162675,0.8508134365018618,-0.0,-0.0,0.0,False
2026-01-27 02:00:00,22.247862240162537,75.39018416436062,43.662808257298934,2.1003849167179367,-0.0,-0.0,0.0,False
2026-01-27 03:00:00,19.598713470372065,84.22451454129593,42.93034068723421,2.0223379884735966,-0.0,-0.0,0.0,False
2026-01-27 04:00:00,22.398774598199388,73.02856131379261,49.34877547056578,2.5586045362920444,-0.0,-0.0,0.0,False
2026-01-27 05:00:00,24.461886747202065,72.72604695154007,36.51469134145407,5.036929233142022,-0.0,-0.0,0.0,False
2026-01-27 06:00:00,25.280352672127336,73.81007977171808,42.61285671348895,4.698539479366504,0.0,0.0,0.0,True
2026-01-27 07:00:00,28.810725892465385,72.0370450700142,50.52376674286097,1.1172977451213728,247.38116628569512,85.67641800601903,161.7047482796761,True
2026-01-27 08:00:00,29.6737336969647,67.87735920924568,54.76802654463188,3.1469150617177997,391.7203807565218,124.0280010501398,267.692379706382,True
2026-01-27 09:00:00,30.808950610207045,56.680943272868795,42.58829413207479,2.17060197090467,574.1170586792521,230.72727794656103,343.38978073269107,True
2026-01-27 10:00:00,28.846223325585377,57.963615415379216,45.423190276061575,2.4430121109986804,472.64903678440254,180.56973582749575,292.07930095690676,True
2026-01-27 11:00:00,33.21319674070319,57.59621338348379,48.370501733993876,3.6503109180267024,258.1474913300306,93.29617819198353,164.8513131380471,True
2026-01-27 12:00:00,36.499849823442545,49.19694877009304,56.02463622510879,4.0452776601821965,5.3854288488260986e-14,1.657783348976449e-14,3.7276454998496495e-14,True
2026-01-27 13:00:00,35.87589452352574,57.22704437574352,75.27614251331352,3.591120826264064,0.0,0.0,0.0,True
2026-01-27 14:00:00,35.55106826559115,47.94305106498453,80.99229350361577,4.3355881962096845,0.0,0.0,0.0,True
2026-01-27 15:00:00,31.90072953246241,54.80680212718508,86.63452968567191,4.005938077913543,0.0,0.0,0.0,True
2026-01-27 16:00:00,28.44382042275134,66.84631122531574,90.89306129844147,2.805049136132541,0.0,0.0,0.0,True
2026-01-27 17:00:00,29.614378738618502,63.131694201598876,94.72365875884168,3.4256359016012725,0.0,0.0,0.0,True
2026-01-27 18:00:00,28.052849178528323,65.56752371975581,12.541083545623906,3.9811691401299867,0.0,0.0,0.0,True
2026-01-27 19:00:00,23.024793898671465,78.84979764977346,22.925272195631464,4.453962889655486,0.0,0.0,0.0,False
2026-01-27 20:00:00,22.682635445508055,70.2739488584092,26.477241596874137,3.0471736938469287,0.0,0.0,0.0,False
2026-01-27 21:00:00,17.47988883873636,79.86566947958472,32.61531743981453,4.043657234267121,0.0,0.0,0.0,False
2026-01-27 22:00:00,20.552100152578834,74.66761355156221,32.82272810612869,4.436009747657849,0.0,0.0,0.0,False
2026-01-27 23:00:00,21.415016976130612,70.41204601439523,31.09566040421771,5.072071684590748,0.0,0.0,0.0,False
2026-01-28 00:00:00,18.15411871993235,82.89805516939887,29.034675542996354,1.5957210712374823,-0.0,-0.0,0.0,False
2026-01-28 01:00:00,21.84308330052265,79.95422254798882,20.08736156386152,0.7818143590406654,-0.0,-0.0,0.0,False
2026-01-28 02:00:00,19.15342456666722,77.6667162234111,19.392176466782587,1.2338361647800453,-0.0,-0.0,0.0,False
2026-01-28 03:00:00,22.084635429507543,73.80653623603204,20.216511882442603,2.126057190742996,-0.0,-0.0,0.0,False
2026-01-28 04:00:00,24.581924065753988,74.6659075568662,32.52338876068217,2.423347296392497,-0.0,-0.0,0.0,False
2026-01-28 05:00:00,25.230561123773946,80.73848537022735,20.173937894037465,1.6763398576026756,-0.0,-0.0,0.0,False
2026-01-28 06:00:00,27.528608841522654,74.88356170674643,0.6403914860142095,1.3678702190519536,0.0,0.0,0.0,True
2026-01-28 07:00:00,29.491603936029282,59.517473224713015,5.224783246719653,2.8775228771077184,473.87608376640173,314.3819598720945,159.49412389430722,True
2026-01-28 08:00:00,29.305636000255504,58.23971841163511,23.79565739927034,3.579978633944231,659.948965709246,352.036839573332,307.912126135914,True
2026-01-28 09:00:00,32.49749888216166,56.48710036173712,30.818995187353437,0.6424862830691707,691.8100481264657,335.0207998821199,356.78924824434586,True
2026-01-28 10:00:00,35.44231647995587,48.17648877135298,39.80593136740907,2.6917044675138526,521.2959259296778,219.65245920310738,301.6434667265704,True
2026-01-28 11:00:00,34.02411222980143,52.759297204641854,50.74433041296257,3.3521646286040565,246.27834793518713,84.91423452635912,161.36411340882802,True
2026-01-28 12:00:00,34.08293198244567,44.18833816038871,46.244946406721795,1.5822059215416144,6.583095432100259e-14,2.4771225343355002e-14,4.1059728977647584e-14,True
2026-01-28 13:00:00,36.41128674176902,44.41135719003267,49.4167505684089,3.3515421571403348,0.0,0.0,0.0,True
2026-01-28 14:00:00,37.523458014131506,45.80457160884704,44.870619672926495,4.0137487023741905,0.0,0.0,0.0,True
2026-01-28 15:00:00,32.146445658672704,48.7561226587303,32.42148396211212,4.126210387544835,0.0,0.0,0.0,True
2026-01-28 16:00:00,30.906230480308423,55.23180276626153,34.55965552074622,2.970530504442019,0.0,0.0,0.0,True
2026-01-28 17:00:00,30.179106092466093,60.68741524025387,47.84421846348354,4.1304755594519795,0.0,0.0,0.0,True
2026-01-28 18:00:00,30.112278480286747,54.00735296421384,38.23518906662224,4.583883717792467,0.0,0.0,0.0,True
2026-01-28 19:00:00,21.603417892201012,76.2735898625951,37.655546896960175,3.607164543082529,0.0,0.0,0.0,False
2026-01-28 20:00:00,26.31616663662048,73.61920988572425,41.53969256959482,5.553157359600191,0.0,0.0,0.0,False
2026-01-28 21:00:00,24.656609094369482,76.75996414149466,39.329947798896114,4.596537996660058,0.0,0.0,0.0,False
2026-01-28 22:00:00,20.048876374749657,84.34348603616483,38.69107727658837,6.274045400670113,0.0,0.0,0.0,False
2026-01-28 23:00:00,15.389657516320938,89.05359149805489,49.636493769186416,5.122777231566648,0.0,0.0,0.0,False
2026-01-29 00:00:00,19.573444396165243,79.75856949717723,40.38077863004054,1.4124988679783248,-0.0,-0.0,0.0,False
2026-01-29 01:00:00,20.828533614895917,77.16862442004,44.36154218139822,2.238125237553783,-0.0,-0.0,0.0,False
2026-01-29 02:00:00,20.8440250272276,77.37570368128219,40.713435801768526,2.089782070699178,-0.0,-0.0,0.0,False
2026-01-29 03:00:00,20.491985496542952,75.29328959015172,40.922047808536206,2.069355238586435,-0.0,-0.0,0.0,False
2026-01-29 04:00:00,20.08039758803521,66.39853807810898,42.10830068104764,1.8341721030240268,-0.0,-0.0,0.0,False
2026-01-29 05:00:00,23.671953325573348,74.19371575699412,49.5787481093746,2.4817231147707557,-0.0,-0.0,0.0,False
2026-01-29 06:00:00,25.43654968123816,65.95922693757788,58.784560589828345,1.491793459861198,0.0,0.0,0.0,True
2026-01-29 07:00:00,31.496137253103054,55.963318901284126,66.36320821145449,3.136458716633001,168.18395894272751,39.60018166390868,128.58377727881884,True
2026-01-29 08:00:00,30.827906842274015,61.9425486220563,72.41291083814818,3.8499929126455923,238.91120030630034,46.13605209230464,192.7751482139957,True
2026-01-29 09:00:00,32.77806686790451,50.40560830408742,72.98726053977796,3.4505756300922417,270.12739460222036,51.07816652020857,219.04922808201178,True
2026-01-29 10:00:00,31.190321199580644,57.8182709585317,73.21563666782933,4.0850297662832675,231.95939069852218,43.49019219144703,188.46919850707516,True
2026-01-29 11:00:00,35.74340528411919,49.7785463744467,82.79836497847353,4.754319343351922,86.00817510763234,10.356368659483207,75.65180644814913,True
2026-01-29 12:00:00,34.79611435484436,43.78582043411288,83.14931596362806,2.657522449166531,2.0636136268586305e-14,2.434131083954243e-15,1.820200518463206e-14,True
2026-01-29 13:00:00,30.967868862831097,61.802560391970616,81.16079774886532,2.5286916711158587,0.0,0.0,0.0,True
2026-01-29 14:00:00,35.23014529606591,49.952808232393586,83.34219883608287,1.5930194295469815,0.0,0.0,0.0,True
2026-01-29 15:00:00,33.168929802354675,65.95769361523038,54.40416714596083,2.199319325360147,0.0,0.0,0.0,True
2026-01-29 16:00:00,27.005176779032965,56.12022870913237,53.4182822408128,2.702311446306261,0.0,0.0,0.0,True
2026-01-29 17:00:00,35.638907998490076,49.369528712353926,61.50500447154124,4.404743380419133,0.0,0.0,0.0,True
2026-01-29 18:00:00,28.15119115744434,63.249936679204204,46.31600540775099,2.659356706276716,0.0,0.0,0.0,True
2026-01-29 19:00:00,26.09741810262299,67.21989756072203,53.08203402252386,5.056946554529116,0.0,0.0,0.0,False
2026-01-29 20:00:00,22.935301457841103,81.99890301383728,55.952244416456296,6.202804956513148,0.0,0.0,0.0,False
2026-01-29 21:00:00,21.229184630437754,79.55479061734107,48.7410045950968,3.63972916760848,0.0,0.0,0.0,False
2026-01-29 22:00:00,18.32627476041948,77.53857736293234,50.064149272401096,3.9559001066667068,0.0,0.0,0.0,False
2026-01-29 23:00:00,19.71241666386574,78.55278015911438,69.00689748837618,4.817159294533802,0.0,0.0,0.0,False
2026-01-30 00:00:00,15.141460980173145,94.03274271288059,74.50276809068464,1.9382985170230864,-0.0,-0.0,0.0,False
2026-01-30 01:00:00,25.748833104888185,76.01742966789605,73.81019066554376,0.0,-0.0,-0.0,0.0,False
2026-01-30 02:00:00,21.468659051631054,76.49954086639083,76.17863124935857,3.2284975562128007,-0.0,-0.0,0.0,False
2026-01-30 03:00:00,21.22811485267824,78.67634928214449,65.23573314531544,1.958139683422875,-0.0,-0.0,0.0,False
2026-01-30 04:00:00,21.685247704539254,83.5213312241436,77.81590145640754,4.103149979897417,-0.0,-0.0,0.0,False
2026-01-30 05:00:00,26.75437500612809,71.40393325259825,94.17059539337936,2.0327901194319375,-0.0,-0.0,0.0,False
2026-01-30 06:00:00,25.910280210539238,76.67275763731801,97.91524665220484,2.5997681149798284,0.0,0.0,0.0,True
2026-01-30 07:00:00,25.892486704494942,75.56023774563684,95.89655608098323,3.0065360882432377,20.517219595083844,0.5893388198780494,19.927880775205796,True
2026-01-30 08:00:00,32.57798641719862,57.62336324906516,12.003047834722139,3.840855421804739,762.0759603073468,469.4225327783165,292.6534275290303,True
2026-01-30 09:00:00,31.086866740451104,58.369449340743714,8.322306848632223,3.14545064163482,916.7769315136777,588.3359595089441,328.44097200473357,True
2026-01-30 10:00:00,33.20263133258617,52.817629071472595,99.64056242349395,2.64109114456182,3.1128207232895493,0.00783205315813911,3.10498867013141,True
2026-01-30 11:00:00,33.77955522294483,60.23950813011091,99.99983456014846,3.3426304384526246,0.0008271992577135733,9.579620567466413e-10,0.0008271982997515165,True
2026-01-30 12:00:00,36.83534358498293,47.480710155075,8.23818640505209,3.8172126462377114,1.1237581130300905e-13,7.218265774557429e-14,4.019315355743476e-14,True
2026-01-30 13:00:00,35.901596391939016,53.263313165320405,9.420570098539486,3.3638326926177213,0.0,0.0,0.0,True
2026-01-30 14:00:00,33.95418964659315,45.426722415847614,18.631251098963332,4.475827871451366,0.0,0.0,0.0,True
2026-01-30 15:00:00,32.366672922715,55.029013730227526,22.027934849603923,3.8997203006472168,0.0,0.0,0.0,True
2026-01-30 16:00:00,30.53219279560794,61.205210383937654,13.552473895380786,2.056782648183638,0.0,0.0,0.0,True
2026-01-30 17:00:00,30.381311015823375,59.9539057792759,29.259189740713992,4.654751212619778,0.0,0.0,0.0,True
2026-01-30 18:00:00,27.895869372510735,70.06788434655981,26.833629129036154,5.254036397379274,0.0,0.0,0.0,True
