timestamp,temperature,humidity,cloud_cover,wind_speed,solar_radiation_proxy,is_daylight
2025-12-27 22:00:00,18.471882731127625,77.30082152400222,93.46668762539342,6.1978405025527445,0.0,False
2025-12-27 23:00:00,15.736632792843027,87.22022893695583,12.151955658812929,5.391413489734023,0.0,False
2025-12-28 00:00:00,19.643634032764595,87.79966180413741,9.044329133956426,1.8248367141179527,0.0,False
2025-12-28 01:00:00,19.293118349680583,77.33176604677992,27.257495930722875,2.4201122110856614,0.0,False
2025-12-28 02:00:00,19.0586377287073,79.95048789335493,20.81350848241393,2.9369051742104952,0.0,False
2025-12-28 03:00:00,17.8355983751979,88.89175356119188,36.79842031250088,1.25448804030319,0.0,False
2025-12-28 04:00:00,17.093818102519354,86.50169810514932,48.391284700903185,4.110349057261176,0.0,False
2025-12-28 05:00:00,26.351871636245356,70.05253535984036,57.320291709231626,2.536302698976732,0.0,False
2025-12-28 06:00:00,22.946403816325205,75.19859442962411,61.82720936702467,0.8659511672421161,0.3817279063297533,True
2025-12-28 07:00:00,27.212634721641532,69.95141128013557,59.15780158316524,2.4502414625087647,0.40842198416834763,True
2025-12-28 08:00:00,29.575254121112327,60.055709623683946,50.47794839601801,5.236134478083102,0.4952205160398199,True
2025-12-28 09:00:00,27.35825321532266,63.105163917001086,40.32050693572859,4.188727361557609,0.5967949306427142,True
2025-12-28 10:00:00,30.304816008695852,54.23296798205714,29.11526704572821,4.015127947079008,0.7088473295427178,True
2025-12-28 11:00:00,32.16737422108097,56.168985571930186,33.3862672808845,1.9367153086547124,0.6661373271911549,True
2025-12-28 12:00:00,30.77684651525865,55.42058859613543,28.667646763261843,2.952863774341784,0.7133235323673816,True
2025-12-28 13:00:00,32.95273919026339,50.696162069586364,38.73939691655733,3.7327136696554777,0.6126060308344267,True
2025-12-28 14:00:00,32.067177077506045,53.20266594687439,40.94442942498438,4.411986657786246,0.5905557057501563,True
2025-12-28 15:00:00,31.88106621806899,47.193721378924906,46.42308527345646,4.668491565660353,0.5357691472654355,True
2025-12-28 16:00:00,26.099311721913946,69.63373437973745,41.03400921681328,4.135538240595508,0.5896599078318672,True
2025-12-28 17:00:00,26.807079329938492,72.3880519572165,39.750139293634625,3.255726256663222,0.6024986070636538,True
2025-12-28 18:00:00,26.233621557975894,68.06569909975984,45.77697344211616,4.793288096078687,0.5422302655788385,True
2025-12-28 19:00:00,23.704291143449456,79.03178264412354,49.96219284832916,3.8272166966865973,0.0,False
2025-12-28 20:00:00,17.97712842461602,87.62628898589435,54.99168688146577,4.860398975042727,0.0,False
2025-12-28 21:00:00,17.589932406528455,86.88848006779885,46.58203591002723,4.522686582032732,0.0,False
2025-12-28 22:00:00,12.733451369556729,95.0,31.935274439669346,5.9886326239011245,0.0,False
2025-12-28 23:00:00,17.479711338916903,91.04379095758472,34.111289748079166,3.6477837836327396,0.0,False
2025-12-29 00:00:00,13.186454432226306,95.0,36.94348705448982,2.6355209049242907,0.0,False
2025-12-29 01:00:00,16.34166799874947,89.2201550702689,26.120556306329114,1.1120779969114305,0.0,False
2025-12-29 02:00:00,17.544819609767178,88.11845694012469,33.08994072231131,2.9219173310151367,0.0,False
2025-12-29 03:00:00,17.244026878606952,94.54893647991166,30.377202407535027,2.340638966193326,0.0,False
2025-12-29 04:00:00,20.157158232878075,93.7241203226632,11.12106120807708,4.20634802836055,0.0,False
2025-12-29 05:00:00,23.754162828224285,66.9259959646739,12.006995141469902,3.7254294650378554,0.0,False
2025-12-29 06:00:00,29.205849348067105,61.834833236904416,14.175669493073906,0.7639366093021485,0.8582433050692608,True
2025-12-29 07:00:00,26.090128330801477,57.77457673726389,16.341755533358693,3.099969214177417,0.8365824446664131,True
2025-12-29 08:00:00,29.362235346201928,64.43389253329404,18.02510629040406,3.6874200316327217,0.8197489370959593,True
2025-12-29 09:00:00,31.726164616174025,63.830829913833114,12.696901810812244,3.6167664203939887,0.8730309818918776,True
2025-12-29 10:00:00,32.70640930864859,61.93308416289814,20.535279109105918,1.7467207988734488,0.7946472089089408,True
2025-12-29 11:00:00,31.64240590150328,64.14629852787805,21.556926936853746,5.477107437127856,0.7844307306314626,True
2025-12-29 12:00:00,32.90354473026225,49.10901169912913,35.31070820950616,1.47538579551976,0.6468929179049384,True
2025-12-29 13:00:00,31.79589987204156,53.47112043179444,29.22427045790694,2.813744249551106,0.7077572954209306,True
2025-12-29 14:00:00,33.23101177194679,64.47615722941255,33.50311381944708,2.4297208878880663,0.6649688618055292,True
2025-12-29 15:00:00,33.46363513662702,42.53476718643902,30.985875911135878,2.1537251750285797,0.6901412408886413,True
2025-12-29 16:00:00,25.692521873836064,61.76973055327643,21.177563403576237,2.594150282800897,0.7882243659642376,True
2025-12-29 17:00:00,28.117612611125537,65.47111724490188,23.743881522970486,2.0316914517222204,0.7625611847702952,True
2025-12-29 18:00:00,26.055716034409237,67.32533255540109,28.569857688291602,4.588752991002973,0.7143014231170839,True
2025-12-29 19:00:00,27.653028156041543,61.33823258178887,30.350739742398467,4.623739923404866,0.0,False
2025-12-29 20:00:00,22.765647561512214,87.26617925024432,23.1455702972836,5.3745267724775365,0.0,False
2025-12-29 21:00:00,15.973407790687578,92.67444599436247,39.40644295281355,4.9880502287785635,0.0,False
2025-12-29 22:00:00,21.209796892121986,78.73156308727437,45.87120615633108,5.08793351831195,0.0,False
2025-12-29 23:00:00,15.973725982739316,89.7670338491015,36.375343911058856,4.401624260671504,0.0,False
2025-12-30 00:00:00,17.24616499794754,88.20886887856729,36.6075499009672,1.2857585775925704,0.0,False
2025-12-30 01:00:00,13.359580059514935,92.05296718652065,27.07110602083693,3.5249391186244923,0.0,False
2025-12-30 02:00:00,18.957951751508634,84.74593930463105,49.88193462902237,2.5838087296239634,0.0,False
2025-12-30 03:00:00,22.228065767916956,71.67556477625794,44.03235516732035,2.018771876262243,0.0,False
2025-12-30 04:00:00,19.423971200652044,83.01084835858751,49.74727732538103,1.9551980045658177,0.0,False
2025-12-30 05:00:00,22.962354093493335,67.99384909749,56.017846803444925,2.5085146061123744,0.0,False
2025-12-30 06:00:00,23.361327225406132,69.63706150195942,57.59002831259053,2.278220974092084,0.42409971687409465,True
2025-12-30 07:00:00,26.86935748711082,66.17412463366922,59.81689228804138,3.24478626072819,0.4018310771195862,True
2025-12-30 08:00:00,26.293052817338413,75.88139692656493,46.365919945966866,2.9081752800002136,0.5363408005403314,True
2025-12-30 09:00:00,29.32682182135586,64.63034012676722,46.31924856514049,2.839521748238896,0.5368075143485951,True
2025-12-30 10:00:00,32.6460972879723,46.808253414704026,39.94679956230049,3.707494726979555,0.600532004376995,True
2025-12-30 11:00:00,32.56759513934784,55.791857828035575,22.165172240236583,2.7649006731374017,0.7783482775976341,True
2025-12-30 12:00:00,33.448798468468055,51.80131211624186,31.664949922263595,3.839243573899452,0.6833505007773641,True
2025-12-30 13:00:00,32.18693595791628,61.9874467251115,22.895615415701556,3.4304346850875107,0.7710438458429845,True
2025-12-30 14:00:00,30.297306363383516,58.99673182885333,33.01796596443232,2.236498150207453,0.6698203403556768,True
2025-12-30 15:00:00,29.17921414958649,68.5685685087107,27.65129892788691,3.5046517341654697,0.7234870107211309,True
2025-12-30 16:00:00,28.970140513714124,63.79259691751065,21.402014110993864,4.223790540098815,0.7859798588900614,True
2025-12-30 17:00:00,26.609725008824682,66.59582804557489,22.428050663844413,4.058607634883051,0.7757194933615559,True
2025-12-30 18:00:00,22.969911429208995,82.73762359606734,35.843973896226785,3.1233925116210215,0.6415602610377321,True
2025-12-30 19:00:00,22.752663124069954,71.63895931216659,36.80364148642517,5.5208857286392,0.0,False
2025-12-30 20:00:00,20.758892455822487,87.23690852994535,30.952899618945587,4.8865052691161015,0.0,False
2025-12-30 21:00:00,19.75459869146181,83.55131105707028,18.374151555526627,4.672112222256899,0.0,False
2025-12-30 22:00:00,13.233822211382094,95.0,23.140165424845854,4.787238863632377,0.0,False
2025-12-30 23:00:00,17.564520651628676,85.41611721818253,14.614040644946888,5.436865682739639,0.0,False
2025-12-31 00:00:00,18.331119030438586,81.38046179360602,17.699280695108055,2.9516541661234097,0.0,False
2025-12-31 01:00:00,21.841754728489253,71.46779066091133,16.757860503145803,1.0484218695021847,0.0,False
2025-12-31 02:00:00,14.706175043374154,89.37795076150756,30.08096188087671,2.43310065043828,0.0,False
2025-12-31 03:00:00,18.861545761506626,86.680226937829,24.297609967280735,2.829574723537962,0.0,False
2025-12-31 04:00:00,20.929767306804735,70.7031810169521,3.343647966554016,2.633061202258896,0.0,False
2025-12-31 05:00:00,22.33731822267413,76.01730354666535,1.7903741519248486,2.8608698638848526,0.0,False
2025-12-31 06:00:00,23.61060666321252,77.81231223431817,14.787321818648547,0.9529383737807495,0.8521267818135145,True
2025-12-31 07:00:00,29.02779927938178,65.25724485686415,34.916642400620205,4.832394807541278,0.650833575993798,True
2025-12-31 08:00:00,28.607365085062863,62.41367130513712,38.09119609561028,3.105160894532613,0.6190880390438972,True
2025-12-31 09:00:00,30.176365605201063,60.576227185063594,36.658074336962095,4.716691541792448,0.633419256630379,True
2025-12-31 10:00:00,27.214552828491385,66.14378072670536,20.844076902994225,3.272959307119446,0.7915592309700576,True
2025-12-31 11:00:00,30.271238620387866,59.17195702999237,21.695368481733883,2.6593705195624255,0.7830463151826612,True
2025-12-31 12:00:00,33.01072404970125,50.474576069973004,16.82768288593459,3.986997670820871,0.8317231711406541,True
2025-12-31 13:00:00,33.907336124031836,52.37684680652764,37.55469079208558,4.686338760818593,0.6244530920791442,True
2025-12-31 14:00:00,36.09322193282979,46.410682328040075,43.011887311100885,3.95630676505536,0.5698811268889912,True
2025-12-31 15:00:00,32.880794468181534,53.753924796466244,25.478488799369327,3.829623787311613,0.7452151120063067,True
2025-12-31 16:00:00,26.41696060508603,67.94515983813517,26.17029645725369,1.9585469258855412,0.738297035427463,True
2025-12-31 17:00:00,29.400388996448726,53.01989957454365,33.65527204201194,4.148647749589894,0.6634472795798806,True
2025-12-31 18:00:00,26.12813980962209,62.50404452546282,29.053669155181638,5.045377434198729,0.7094633084481836,True
2025-12-31 19:00:00,22.81047998735652,65.06531126603531,18.214991041483536,6.412518418305289,0.0,False
2025-12-31 20:00:00,21.800329674352675,71.32030294674729,15.2818288443276,6.409652799261016,0.0,False
2025-12-31 21:00:00,19.40785565794419,79.87118556363102,16.584736382658463,5.200540376658144,0.0,False
2025-12-31 22:00:00,20.581785110969633,78.63511056504714,29.763763581772558,5.825656668212762,0.0,False
2025-12-31 23:00:00,13.924987593881612,94.26741266861553,45.8766115439292,5.1271256411864155,0.0,False
2026-01-01 00:00:00,20.435666579594226,85.59543766133437,50.442431877840946,1.1043629292022823,0.0,False
2026-01-01 01:00:00,18.82596158192374,81.86567693056806,64.00737292318131,2.0814165467392174,0.0,False
2026-01-01 02:00:00,20.27923172481205,77.29801937389196,89.24134195672416,0.8483318062086265,0.0,False
2026-01-01 03:00:00,19.0903972795876,85.98869843898792,81.6448179376381,1.2290337249434857,0.0,False
2026-01-01 04:00:00,24.096537714277186,72.19903095057381,98.76162630133894,3.5182541721704594,0.0,False
2026-01-01 05:00:00,23.108002903852007,82.93853688375826,99.42748271317616,2.3114341580324242,0.0,False
2026-01-01 06:00:00,26.119155495195063,68.49239381357454,94.22902385665432,2.8070866288431255,0.057709761433456776,True
2026-01-01 07:00:00,26.061634061485158,68.92597734825782,0.9247359521596081,4.488562708709186,0.990752640478404,True
2026-01-01 08:00:00,29.963345942664183,67.16480469606871,83.01586169156292,2.845509720866975,0.16984138308437083,True
2026-01-01 09:00:00,29.50115633069031,65.06284551632244,88.92053580268863,1.3120283903540075,0.11079464197311367,True
2026-01-01 10:00:00,33.95848771816503,49.552592510404075,84.38589036085914,3.002387729673738,0.15614109639140863,True
2026-01-01 11:00:00,34.27920745851853,52.27896328481683,73.24658610655084,5.336529444956599,0.2675341389344916,True
2026-01-01 12:00:00,36.19095820486251,40.82702804983129,75.06437959822999,3.976073669152903,0.2493562040177001,True
2026-01-01 13:00:00,31.960532143736263,58.40460743454686,77.44851007428002,2.8932342725509326,0.22551489925719978,True
2026-01-01 14:00:00,31.241373734602394,54.28540233454077,71.77223422161894,4.310736120352343,0.28227765778381053,True
2026-01-01 15:00:00,29.118479625944993,57.5501277850057,54.41910608637889,4.893018491924359,0.4558089391362111,True
2026-01-01 16:00:00,30.893437437416093,62.64736177874217,53.865111645626214,4.673861194397727,0.4613488835437379,True
2026-01-01 17:00:00,28.66664226502205,59.6536256577583,53.6262785306647,6.173402324007519,0.463737214693353,True
2026-01-01 18:00:00,29.106155627890924,67.52084966772952,56.611037457530344,5.199476318003033,0.43388962542469656,True
2026-01-01 19:00:00,20.46586627308295,76.06220773782522,35.88340942500644,4.945033659271965,0.0,False
2026-01-01 20:00:00,20.602031720125346,76.94798625972362,30.427373811927495,6.025940644826644,0.0,False
2026-01-01 21:00:00,17.790920706482286,92.71401633434621,5.126913819441604,5.70625026888081,0.0,False
2026-01-01 22:00:00,18.540160948071524,81.12109184982845,93.89510130206021,5.299326608773032,0.0,False
2026-01-01 23:00:00,17.780394600300106,75.90090891389083,86.95802365173968,6.266375131709193,0.0,False
2026-01-02 00:00:00,17.177144781306104,86.25046554399854,78.72954659438474,1.0942102153732267,0.0,False
2026-01-02 01:00:00,16.575209388121905,86.02655841191076,81.46070014954051,3.4656240908219305,0.0,False
2026-01-02 02:00:00,19.153545546485237,68.890919282719,95.75688565482011,1.0366228449470554,0.0,False
2026-01-02 03:00:00,18.019320438096493,87.28602858702415,90.89469127809586,3.8110029151829106,0.0,False
2026-01-02 04:00:00,21.817155880504632,79.77848206531657,83.45698106107508,1.4598698222870816,0.0,False
2026-01-02 05:00:00,21.842007407762434,79.00405608855596,67.5937689372479,4.017230323444093,0.0,False
2026-01-02 06:00:00,23.91602090605936,71.87809514706326,68.3233969950833,1.838983863207142,0.316766030049167,True
2026-01-02 07:00:00,27.3618865176204,67.56375276713884,83.99111973034006,0.7270582045341096,0.1600888026965994,True
2026-01-02 08:00:00,24.53902467471054,65.06610888282142,95.88061203226061,2.1125028462295496,0.04119387967739385,True
2026-01-02 09:00:00,30.376343245013313,55.296051678280804,90.53333119031642,3.2994044532902747,0.09466668809683583,True
2026-01-02 10:00:00,34.07154940136681,51.33425795156958,94.29302027474267,1.5698545006369846,0.057069797252573266,True
2026-01-02 11:00:00,32.817317238784106,58.2724452804537,88.01830480414839,3.8099204401276503,0.11981695195851615,True
2026-01-02 12:00:00,34.03979975977479,49.446121301997145,91.34992381961715,2.3788531795290027,0.08650076180382854,True
2026-01-02 13:00:00,31.57732624407797,60.68390857299234,85.02129034881406,2.341377419780816,0.14978709651185937,True
2026-01-02 14:00:00,30.63770556803425,64.4952823139048,86.04101364197298,3.185302042413685,0.1395898635802702,True
2026-01-02 15:00:00,31.330274587008443,57.68730640529779,91.45088707795873,3.2541928124809454,0.08549112922041274,True
2026-01-02 16:00:00,26.642075303106637,59.72810798624391,97.6543135809574,3.0098078415379694,0.023456864190425933,True
2026-01-02 17:00:00,27.466058134155926,68.34617100040903,1.415491677410813,3.769797989268977,0.9858450832258918,True
2026-01-02 18:00:00,24.576739081554226,69.03841871150891,87.63717753058393,5.385319496242408,0.12362822469416074,True
2026-01-02 19:00:00,21.84733796280223,78.35574369714567,2.3522984429262213,3.055292806552404,0.0,False
2026-01-02 20:00:00,15.430597798559065,94.18327650369595,0.659934904872995,4.138895608120134,0.0,False
2026-01-02 21:00:00,16.534625923098684,84.17715284426271,0.4889376815003087,4.616272634203439,0.0,False
2026-01-02 22:00:00,20.390785211317027,78.65364908282078,90.64421394513523,4.366825475588003,0.0,False
2026-01-02 23:00:00,18.63338753774468,75.40291256494149,89.10075132306002,7.747721323208166,0.0,False
2026-01-03 00:00:00,18.35481232093419,77.21986434828614,92.16612669930072,1.2963652386318234,0.0,False
2026-01-03 01:00:00,20.715441686842087,85.79944306544412,87.79118814417645,0.5674298549679706,0.0,False
2026-01-03 02:00:00,16.604928801851514,90.23657967055144,78.39008425817781,2.636627885819618,0.0,False
2026-01-03 03:00:00,18.842680267173826,93.740445078129,92.07845595073688,2.7633313537527537,0.0,False
2026-01-03 04:00:00,23.158864940505314,72.92203522635634,95.61378407991742,1.6175611286449212,0.0,False
2026-01-03 05:00:00,23.71807994240636,70.2810701892738,95.07568433463166,1.9398287978524766,0.0,False
2026-01-03 06:00:00,24.96121020326285,69.67451727765666,88.9458170711351,3.349309162961939,0.11054182928864904,True
2026-01-03 07:00:00,25.87098210706353,64.94101110099149,92.8562357759277,1.9382667949752597,0.07143764224072299,True
2026-01-03 08:00:00,29.29482442303662,63.01194951919099,81.74023963629534,2.1994263810913584,0.18259760363704658,True
2026-01-03 09:00:00,32.54046264641633,55.15888752756282,91.9725805406099,1.7972009302872491,0.08027419459390103,True
2026-01-03 10:00:00,33.57642318500122,57.957829691375395,2.6743427028704563,3.670542635933378,0.9732565729712954,True
2026-01-03 11:00:00,32.52498983097585,47.205594571734295,95.89444094615297,2.563787649391686,0.04105559053847031,True
2026-01-03 12:00:00,32.12112362354945,60.34363890124219,89.40370261579422,1.9707859377172807,0.10596297384205783,True
2026-01-03 13:00:00,32.24822321853666,58.73891258979365,89.40343289309281,4.758923691765012,0.10596567106907187,True
2026-01-03 14:00:00,34.640874377476536,48.946521125202366,99.36401417650504,3.7327163047759595,0.006359858234949627,True
2026-01-03 15:00:00,28.186642164277327,54.94231256320053,3.606469687974726,2.9290518647947255,0.9639353031202528,True
2026-01-03 16:00:00,25.21286908999663,69.60222322380294,93.33538868644509,3.2847683838509494,0.06664611313554915,True
2026-01-03 17:00:00,25.885849585504836,73.94893198202608,88.23281124956922,2.8596377118713643,0.11767188750430777,True
2026-01-03 18:00:00,25.29668268587903,80.89873934462567,89.57614993746121,3.1971688325372067,0.1042385006253879,True
2026-01-03 19:00:00,23.495275427036102,77.89261521070124,99.43821622758966,4.0938542196721555,0.0,False
2026-01-03 20:00:00,22.3709822362108,74.55273555570585,98.79155457375789,3.55673484056941,0.0,False
2026-01-03 21:00:00,21.063020000620725,76.33529981115119,8.684271368502664,4.444033638768789,0.0,False
2026-01-03 22:00:00,19.4586767321818,73.90670091313027,9.310690446571368,3.3826504125258694,0.0,False
2026-01-03 23:00:00,19.066605966852606,79.80082567378469,26.809494606459356,5.550130727952115,0.0,False
2026-01-04 00:00:00,22.98664754424687,79.47819843219766,22.454330018711044,2.4332390850903316,0.0,False
2026-01-04 01:00:00,18.672864909169547,80.77230473625147,35.048614281092824,2.5117148149422555,0.0,False
2026-01-04 02:00:00,18.200147914124326,89.389554114209,40.18494915319342,3.521903563169677,0.0,False
2026-01-04 03:00:00,18.767668321768213,80.4621606787143,35.28123973125131,3.833662049631716,0.0,False
2026-01-04 04:00:00,20.686486010977895,74.6117119124099,36.185149681295336,1.4541005745186897,0.0,False
2026-01-04 05:00:00,21.49458315236043,68.59633134526024,43.441061415421906,2.7192744064985033,0.0,False
2026-01-04 06:00:00,23.972746582158408,67.15919784201976,45.003787623966495,0.6858070962343938,0.549962123760335,True
2026-01-04 07:00:00,28.196372832453665,63.89742835603114,43.71885271916626,3.2479586678911585,0.5628114728083374,True
2026-01-04 08:00:00,29.70434586636913,52.73410825110837,52.276087934472315,2.365623070560446,0.47723912065527685,True
2026-01-04 09:00:00,31.574002315497392,53.79362590324768,45.19763489639479,5.464362432954262,0.5480236510360521,True
2026-01-04 10:00:00,30.85897974023401,59.12403773993095,45.671798372279156,4.85978409322928,0.5432820162772084,True
2026-01-04 11:00:00,34.23869609516789,54.39094800596802,39.8389883554149,2.748740081016035,0.601610116445851,True
2026-01-04 12:00:00,33.82240302525043,52.99352643824695,34.26284668018808,1.9434036480273018,0.6573715331981191,True
2026-01-04 13:00:00,35.06759491155442,42.646542441175065,25.31607198697624,3.6577045499800733,0.7468392801302376,True
2026-01-04 14:00:00,35.70138273961624,40.57019139471198,34.85979994136012,3.0112043408729727,0.6514020005863987,True
2026-01-04 15:00:00,28.637750911910217,66.99046567110804,31.3893552591834,3.29285895726868,0.686106447408166,True
2026-01-04 16:00:00,28.452015345752823,75.93287204221006,23.443686014814624,2.594398179745832,0.7655631398518536,True
2026-01-04 17:00:00,29.538949253837995,59.023627709395306,24.78052133569399,3.028844485638643,0.75219478664306,True
2026-01-04 18:00:00,25.148770170116173,76.31346473119993,40.6957006837005,3.3098993130132346,0.593042993162995,True
2026-01-04 19:00:00,23.111232830514215,78.80030281767047,38.48354894147524,2.673386017078542,0.0,False
2026-01-04 20:00:00,17.747866106725795,84.74236901973485,43.166707393128114,3.1308422892096153,0.0,False
2026-01-04 21:00:00,17.370671390511784,92.29096949075023,35.592957941859595,4.969454305686915,0.0,False
2026-01-04 22:00:00,18.73568003579874,83.03284159093991,27.334115638928242,4.237549057021462,0.0,False
2026-01-04 23:00:00,21.19408358424137,80.80478572441969,17.458334822309215,4.134006294130684,0.0,False
2026-01-05 00:00:00,14.97026008254116,92.88139138193044,7.2848949346650045,2.553212595961064,0.0,False
2026-01-05 01:00:00,16.12226786778411,83.50579258570399,7.341153968273285,1.8995898069960169,0.0,False
2026-01-05 02:00:00,17.44250165834532,88.74902014797232,9.263866926210019,2.9786832015172786,0.0,False
2026-01-05 03:00:00,17.69399699769171,87.86172508801145,11.772593869541259,3.4380473536191962,0.0,False
2026-01-05 04:00:00,21.10725190828488,67.53028227948981,94.3657993227185,1.628120380583122,0.0,False
2026-01-05 05:00:00,21.659688377719874,70.45333879983708,99.22341569511012,1.4271360837122526,0.0,False
2026-01-05 06:00:00,20.804979444562704,75.90921504462993,95.89495246631752,4.582454674317655,0.0410504753368248,True
2026-01-05 07:00:00,28.41370210924714,57.311805174028116,95.44633122042445,2.719171969446444,0.045536687795755454,True
2026-01-05 08:00:00,26.591750589204224,71.47384754851868,3.353721961262832,2.716600598636852,0.9664627803873717,True
2026-01-05 09:00:00,30.944222596112414,53.89682699032492,97.40752403827376,2.835650121445703,0.02592475961726237,True
2026-01-05 10:00:00,32.20046601547493,53.916614610230674,84.55422637051073,1.9454300752201625,0.15445773629489268,True
2026-01-05 11:00:00,34.7029048048331,54.69218661808193,95.0165986101411,3.511879679412892,0.04983401389858898,True
2026-01-05 12:00:00,31.048970622703795,55.49112870128171,2.4073975445601903,3.2116709473906093,0.9759260245543981,True
2026-01-05 13:00:00,32.83233422971545,55.03474604027755,96.85562658580507,3.5043990726687806,0.03144373414194931,True
2026-01-05 14:00:00,32.1771759786024,56.592276918519644,79.09933983627012,3.204238916923578,0.2090066016372988,True
2026-01-05 15:00:00,33.389592958095875,48.45153146573071,72.66580468649926,5.542554047936257,0.2733419531350074,True
2026-01-05 16:00:00,28.23065851851679,65.24957676071871,69.06701074553058,3.669801446847629,0.3093298925446942,True
2026-01-05 17:00:00,31.05321604142509,60.10920958286029,75.73855225662946,4.929948327005536,0.2426144774337054,True
2026-01-05 18:00:00,24.73413666900313,69.00152512807321,80.49944588584167,4.672231796059845,0.19500554114158333,True
2026-01-05 19:00:00,21.128840006359773,73.82831180051734,83.81704315765481,1.938254353217355,0.0,False
2026-01-05 20:00:00,21.250049142247345,74.97123761399723,85.00492530495572,3.923542543783733,0.0,False
2026-01-05 21:00:00,18.17710861481048,82.40887939185016,72.04365189980803,4.7769874779289605,0.0,False
2026-01-05 22:00:00,18.015807353918913,88.81464660114497,59.74397337670634,3.688607042616789,0.0,False
2026-01-05 23:00:00,16.632573932196138,91.25994505418538,57.68566814126991,5.4913742082643,0.0,False
2026-01-06 00:00:00,16.679351832405782,89.40621781451878,69.07673388744973,2.11904429711592,0.0,False
2026-01-06 01:00:00,17.90173607308427,92.86968007721003,68.75247555285065,2.263218953246676,0.0,False
2026-01-06 02:00:00,24.306267908325754,65.46651957420008,73.02330474685635,1.4103398387269916,0.0,False
2026-01-06 03:00:00,21.19603875519289,82.49432825190372,76.66647737438404,3.21246814183735,0.0,False
2026-01-06 04:00:00,22.43982754931283,66.00837942827465,90.19614251838796,1.403944230593931,0.0,False
2026-01-06 05:00:00,23.24268956515285,71.15944286173301,80.42923218652038,2.636453769223329,0.0,False
2026-01-06 06:00:00,25.228928265435506,71.16375615272308,56.94613420199213,2.284265430074549,0.4305386579800787,True
2026-01-06 07:00:00,26.06188254817427,63.22291608455579,46.507570335206424,2.0764135030872684,0.5349242966479357,True
2026-01-06 08:00:00,32.682333318450524,47.353562606965596,41.18767408743656,1.3003325958660457,0.5881232591256343,True
2026-01-06 09:00:00,33.640066593098815,58.70035681510521,48.851311459894305,3.260417216221377,0.5114868854010569,True
2026-01-06 10:00:00,34.54662583748518,44.55738178151105,43.67431935532865,2.988428482373505,0.5632568064467135,True
2026-01-06 11:00:00,32.97383424551918,60.17494092308594,32.92405288430142,5.062861886929573,0.6707594711569859,True
2026-01-06 12:00:00,31.848129083604807,56.01809179481718,31.625912213354113,5.216800554739424,0.6837408778664589,True
2026-01-06 13:00:00,32.070868922238695,50.22905906486739,32.567832453811135,3.4094934011203577,0.6743216754618886,True
2026-01-06 14:00:00,28.89676608254931,67.02214485937847,33.04160583846185,2.4697888743023046,0.6695839416153815,True
2026-01-06 15:00:00,33.769972212347554,47.8218336785414,34.067874078151206,3.449055206279413,0.6593212592184879,True
2026-01-06 16:00:00,28.327030079265633,73.69189840240938,28.550167739166426,4.364417252514332,0.7144983226083358,True
2026-01-06 17:00:00,28.114248574816227,60.96463117369094,10.112087362912916,6.9018943895699225,0.8988791263708709,True
2026-01-06 18:00:00,24.103139407941093,73.7587779705948,22.10460394604064,5.687933889727521,0.7789539605395936,True
2026-01-06 19:00:00,19.220519900261237,85.31418695013815,23.806395596994932,4.473704496350323,0.0,False
2026-01-06 20:00:00,21.124983045957322,75.05113292062899,32.55848555623349,3.354625464632678,0.0,False
2026-01-06 21:00:00,18.957328693719113,78.31948002142364,48.42729810678671,4.73786490384608,0.0,False
2026-01-06 22:00:00,21.769923789523467,78.32022616766832,42.629976241794004,6.183550564412978,0.0,False
2026-01-06 23:00:00,15.969776103598646,93.14342831726843,28.35664081967505,4.454947929157388,0.0,False
2026-01-07 00:00:00,16.198693578743633,89.86017710856838,22.34620563299569,1.3630647379172491,0.0,False
2026-01-07 01:00:00,19.68710909217656,75.49300387402208,7.705261785621417,2.2828398702121038,0.0,False
2026-01-07 02:00:00,15.73438101962943,88.99415627489164,9.969351982940822,3.623544046579887,0.0,False
2026-01-07 03:00:00,20.51009540851237,72.96302195639915,13.898569695702577,2.261020645772003,0.0,False
2026-01-07 04:00:00,22.97015881784341,74.39656045978819,17.1865847052689,3.94988514815459,0.0,False
2026-01-07 05:00:00,24.97696970771144,74.50598171957397,7.128330590781076,4.594334177519359,0.0,False
2026-01-07 06:00:00,21.381465005769392,82.588343062251,13.980279161764983,2.72624413290344,0.8601972083823501,True
2026-01-07 07:00:00,28.45116039210024,56.20199158360161,11.183437634132801,4.633019550696895,0.888165623658672,True
2026-01-07 08:00:00,29.827536345068815,55.899758750699746,10.772179818277493,3.464247653414801,0.8922782018172251,True
2026-01-07 09:00:00,29.33029455271429,60.432328064822286,5.692379154590142,3.636462596853569,0.9430762084540986,True
2026-01-07 10:00:00,30.260026006235087,63.967116949472654,0.0018232623959733019,3.5083879205126904,0.9999817673760403,True
2026-01-07 11:00:00,34.673537768883534,47.11976151022716,25.91242927191084,4.2828803110145355,0.7408757072808916,True
2026-01-07 12:00:00,34.23378959945856,34.87878137426448,22.553570243605492,3.915987309440892,0.7744642975639451,True
2026-01-07 13:00:00,31.43230530652276,58.623908944642004,38.738392422048335,5.730645605276812,0.6126160757795166,True
2026-01-07 14:00:00,31.638939289637367,39.54044059942706,49.81251874921305,2.2471972947107552,0.5018748125078695,True
2026-01-07 15:00:00,32.11999532924896,51.18701582473448,65.68015819971737,3.7675107606182174,0.3431984180028263,True
2026-01-07 16:00:00,29.16537157115568,61.69118162224865,62.10629396814557,4.40354773707894,0.3789370603185443,True
2026-01-07 17:00:00,27.664515804324722,62.31333255928377,29.83308419682558,2.8621006402545444,0.7016691580317442,True
2026-01-07 18:00:00,29.086066000165776,57.73661866893354,35.20749228968421,5.753341578253374,0.6479250771031579,True
2026-01-07 19:00:00,24.894423711067688,69.7087786847825,55.09779093093708,4.816599079053429,0.0,False
2026-01-07 20:00:00,16.592710067972323,94.52105554781437,65.88536638889182,3.2684976070690324,0.0,False
2026-01-07 21:00:00,20.34774716200246,77.87241261865609,87.81209525372849,4.9919685289168365,0.0,False
2026-01-07 22:00:00,15.779860835659091,89.95090226817614,89.01726764635026,4.084084013758672,0.0,False
2026-01-07 23:00:00,16.50781807618976,86.56175212185481,98.5906972031737,4.9332703133337015,0.0,False
2026-01-08 00:00:00,17.841609870480603,86.77825869459866,97.60651721323453,1.9966347863116958,0.0,False
2026-01-08 01:00:00,17.646919561354903,89.5947571598217,82.8577658159578,1.383573981420298,0.0,False
2026-01-08 02:00:00,19.974094401078734,80.75464217306325,73.24942866549544,2.2743468234064474,0.0,False
2026-01-08 03:00:00,20.683331734507135,76.59912215681673,65.50479295057517,2.739725676696198,0.0,False
2026-01-08 04:00:00,21.167667960592084,85.58724968347991,79.39649411007483,2.3416017252129664,0.0,False
2026-01-08 05:00:00,24.212644809630675,71.84594686496169,71.74891078194418,0.906036574868673,0.0,False
2026-01-08 06:00:00,28.059003209629452,66.59536009622775,82.7972067057205,4.470071984647833,0.17202793294279503,True
2026-01-08 07:00:00,27.006445934805296,63.96024942132026,76.30433304358846,3.9669724435474474,0.23695666956411543,True
2026-01-08 08:00:00,34.115765057556345,55.95083136785825,69.05017984932525,3.677820869939339,0.30949820150674756,True
2026-01-08 09:00:00,30.429613234517337,57.939219224063265,64.06980931989851,3.5732498252768323,0.35930190680101487,True
2026-01-08 10:00:00,34.9038491897265,57.09385689464265,53.1248349019817,2.6405169942595643,0.468751650980183,True
2026-01-08 11:00:00,32.358351395960064,54.25011579363562,59.92965397960653,2.7287627966118455,0.4007034602039347,True
2026-01-08 12:00:00,39.43276315423278,37.76793762567604,46.7548557394554,2.526769149400659,0.532451442605446,True
2026-01-08 13:00:00,36.100344275301694,49.07025845775162,37.015908224331,3.529892882269737,0.62984091775669,True
2026-01-08 14:00:00,35.69668276988379,54.270139241759246,30.325797311478354,1.543160007038515,0.6967420268852165,True
2026-01-08 15:00:00,33.84322117916266,53.5511809774974,37.937481823692586,5.145227550015912,0.6206251817630741,True
2026-01-08 16:00:00,30.630094994978474,51.54882008272832,40.328213195940414,3.6219858788588843,0.5967178680405959,True
2026-01-08 17:00:00,31.449208501500465,55.010952718372295,28.276808959857277,5.950024132639364,0.7172319104014272,True
2026-01-08 18:00:00,25.41147245847792,71.86307506344804,55.346905899675576,4.688457378565365,0.44653094100324425,True
2026-01-08 19:00:00,22.933896213998665,76.59204982685912,51.8588025554726,6.048219578851737,0.0,False
2026-01-08 20:00:00,21.315920415162893,70.18303560882718,49.50419302900684,6.983015702552413,0.0,False
2026-01-08 21:00:00,18.232783870623237,78.94403009807228,58.93602706130845,5.586819227441663,0.0,False
2026-01-08 22:00:00,17.01121688505661,90.72807050736078,68.29980703760602,4.851345269997987,0.0,False
2026-01-08 23:00:00,19.76540420174494,87.51058063164021,73.99386695054187,4.370444078973138,0.0,False
2026-01-09 00:00:00,15.068504705802983,90.74250802573155,78.30833823659039,1.4997616070117108,0.0,False
2026-01-09 01:00:00,17.97670491820389,78.71907057398121,72.16272576573064,1.941992899714577,0.0,False
2026-01-09 02:00:00,22.17612182989806,67.86957111174475,70.43132852442507,1.5675180460989941,0.0,False
2026-01-09 03:00:00,20.69523688787715,70.93423041650455,77.55025963395909,2.3489193885481825,0.0,False
2026-01-09 04:00:00,24.47096797589298,71.35822452322398,90.70833533878097,2.173266128825627,0.0,False
2026-01-09 05:00:00,21.64865241417017,83.32908170610088,72.5154325441622,3.358908204898274,0.0,False
2026-01-09 06:00:00,28.08742336455505,67.30987337024764,67.6878007322994,4.251891330965747,0.3231219926770061,True
2026-01-09 07:00:00,27.195053899903964,65.36422478605995,72.40711825902643,2.3499513824212204,0.2759288174097357,True
2026-01-09 08:00:00,25.86086045580743,66.71263974162926,56.70403219922467,1.3700064339116274,0.4329596780077533,True
2026-01-09 09:00:00,34.233957001925056,50.36431881384366,54.052238298761836,1.9042854500213677,0.45947761701238166,True
2026-01-09 10:00:00,30.40573129132987,53.40086870029637,67.24386266965674,1.0758005013765115,0.32756137330343266,True
2026-01-09 11:00:00,34.19298250053108,50.69497195536617,65.50178824310501,2.3725387567404432,0.34498211756894986,True
2026-01-09 12:00:00,33.78300496344593,53.82331685620055,52.53325773660395,4.193433101389579,0.4746674226339605,True
2026-01-09 13:00:00,32.65095988816992,59.31475703163534,40.66905852509049,5.347122594947866,0.593309414749095,True
2026-01-09 14:00:00,34.2564942479376,55.80857350301333,40.343091891036245,4.652192606068273,0.5965690810896376,True
2026-01-09 15:00:00,30.510463683156,59.13334480066725,39.54809763424901,4.113214451078902,0.6045190236575099,True
2026-01-09 16:00:00,27.625707448047564,67.6898559404693,46.54123315617086,5.139593473043782,0.5345876684382914,True
2026-01-09 17:00:00,26.25308394172784,74.03444439466126,59.7283368797626,4.217239799124258,0.402716631202374,True
2026-01-09 18:00:00,27.716731373401792,65.73349666445574,52.7252790182216,3.8716064136917927,0.472747209817784,True
2026-01-09 19:00:00,24.732860518497446,62.2868415865301,34.72195794353897,4.342773703063493,0.0,False
2026-01-09 20:00:00,23.250655896021502,75.22115454668551,29.61362046990216,3.51303727446675,0.0,False
2026-01-09 21:00:00,20.52862157225931,75.73302092128826,34.00072868079317,5.278820577927543,0.0,False
2026-01-09 22:00:00,19.941551659959224,77.36730070759664,26.33351120353842,4.7079655993811,0.0,False
2026-01-09 23:00:00,19.20832867132289,75.47157425105247,21.92725118579031,5.260481654445463,0.0,False
2026-01-10 00:00:00,19.97518838035417,86.23856553945645,7.406040946286524,2.7659885311683228,0.0,False
2026-01-10 01:00:00,20.359594759805542,80.44315898633789,3.439343682335931,3.7008082965044604,0.0,False
2026-01-10 02:00:00,18.336630803120364,77.64322142716227,97.56487822819363,2.8051775937610186,0.0,False
2026-01-10 03:00:00,18.60675893542915,89.06840281847782,99.95582843085803,2.5419416688671865,0.0,False
2026-01-10 04:00:00,23.205252644278154,69.33177392099029,2.6964553267372224,1.4494725027546629,0.0,False
2026-01-10 05:00:00,18.683810488359917,79.57545266153133,0.3975480547404686,2.8071177562413316,0.0,False
2026-01-10 06:00:00,26.476855282602674,75.49520732443773,84.66447133097803,2.8457424310011135,0.1533552866902197,True
2026-01-10 07:00:00,27.30284262349539,62.8758335050485,93.39030795041663,4.58918480537415,0.06609692049583372,True
2026-01-10 08:00:00,29.307518752183302,60.01556874566318,97.00096049753743,3.8800691299198093,0.029990395024625655,True
2026-01-10 09:00:00,33.08839923298149,56.92316379375698,2.2319369729988807,3.843213897258389,0.9776806302700112,True
2026-01-10 10:00:00,33.058322914674,52.646622576607776,2.48455489298442,3.5036873188413775,0.9751544510701557,True
2026-01-10 11:00:00,37.059573582466896,49.23296973825457,9.679017318880867,3.8861186490972424,0.9032098268111913,True
2026-01-10 12:00:00,34.704395151208125,55.78925345755403,17.587782088237972,1.4454428503799588,0.8241221791176203,True
2026-01-10 13:00:00,33.42477110981825,47.829251443045464,16.45366284532048,3.067021651214381,0.8354633715467952,True
2026-01-10 14:00:00,32.80789126055089,58.4952459616121,20.488828990382885,4.448148960973581,0.7951117100961711,True
2026-01-10 15:00:00,30.732982476777938,59.14729425998315,35.405160552269265,3.2288019421204464,0.6459483944773073,True
2026-01-10 16:00:00,31.592714560321912,60.31533627235121,43.922868220040904,2.935251696300819,0.560771317799591,True
2026-01-10 17:00:00,27.16248922897126,69.43509672090688,57.05568864285934,3.0206660253000583,0.42944311357140663,True
2026-01-10 18:00:00,29.661589686805176,62.151949784638894,67.19168535036331,4.4790821787551405,0.32808314649636683,True
2026-01-10 19:00:00,26.504320962927412,66.49978961739683,60.72291399373997,5.870862291705223,0.0,False
2026-01-10 20:00:00,19.5341940835078,79.17445945635417,42.20347901624676,4.189091327410919,0.0,False
2026-01-10 21:00:00,21.04716896887576,83.37464698904358,55.1419639964239,3.805101893057927,0.0,False
2026-01-10 22:00:00,17.664298621982617,86.38161993372681,54.57331070130036,5.390416373703238,0.0,False
2026-01-10 23:00:00,16.386090858446426,86.27395421531499,57.031180849748274,4.917246351824002,0.0,False
2026-01-11 00:00:00,16.02116706072871,94.64542565573107,93.39535758209868,3.422979696127249,0.0,False
2026-01-11 01:00:00,20.38393268335858,78.16593593095594,89.0041368603294,2.8064653149174115,0.0,False
2026-01-11 02:00:00,18.25862992338081,78.01844913063816,89.21721545093249,4.529036366062368,0.0,False
2026-01-11 03:00:00,21.691334949905336,77.7847319457727,94.75846257090583,1.9506844126583083,0.0,False
2026-01-11 04:00:00,21.484298596130728,74.36212524153173,76.7116640370202,2.988666123442899,0.0,False
2026-01-11 05:00:00,22.72256504958421,73.5796145454833,72.38574050764439,1.6217396720587476,0.0,False
2026-01-11 06:00:00,27.963153457321503,64.5499824990943,81.92192185005914,1.9693122462316752,0.18078078149940865,True
2026-01-11 07:00:00,27.124395958440797,59.968579020576044,78.8950978039823,1.0347009824044198,0.21104902196017705,True
2026-01-11 08:00:00,30.473674975496582,62.218082646172284,79.08136431891506,0.8331501971828899,0.20918635681084935,True
2026-01-11 09:00:00,30.34879108924626,55.89860228770892,70.65574648327404,3.695701872731598,0.29344253516725954,True
2026-01-11 10:00:00,36.477656597513175,42.0657056248628,67.41924002485123,3.2252376212695535,0.32580759975148765,True
2026-01-11 11:00:00,30.956072837216603,63.119578942106415,73.22329467058194,3.0021701875152824,0.26776705329418066,True
2026-01-11 12:00:00,33.97180198760801,59.33551785824184,80.88411465328886,4.310961236609353,0.1911588534671114,True
2026-01-11 13:00:00,33.37738379613337,44.04590665051175,73.60812295600455,3.160849704792555,0.2639187704399545,True
2026-01-11 14:00:00,34.68070468323369,47.673065486427795,79.55050835756245,5.162212164822466,0.2044949164243755,True
2026-01-11 15:00:00,32.366682410139894,57.42627538113624,86.16712030318297,4.173215647455665,0.1383287969681703,True
2026-01-11 16:00:00,27.613354578883857,69.75347335509818,99.74491743978912,3.4012670456562635,0.0025508256021088017,True
2026-01-11 17:00:00,27.762293557258158,64.19368976554244,79.03113182614267,3.9147217060843613,0.2096886817385733,True
2026-01-11 18:00:00,22.79966693607449,79.42997117080324,59.647562534299624,3.381093453231023,0.40352437465700375,True
2026-01-11 19:00:00,21.966174932851278,74.16419563346713,60.55735095776067,4.021290056424247,0.0,False
2026-01-11 20:00:00,20.235225788714022,83.74082265921733,63.47015821325536,3.8845958856546057,0.0,False
2026-01-11 21:00:00,20.367511046947012,78.12313157639623,64.24666314364063,5.180131933971857,0.0,False
2026-01-11 22:00:00,19.0857307517312,77.32509679561397,44.78837010371893,4.4573431065328935,0.0,False
2026-01-11 23:00:00,19.317548176637,83.29200041734062,44.284650108532304,4.809163212369243,0.0,False
2026-01-12 00:00:00,17.44856874528215,87.32485605192733,39.38696002260669,0.9038065459558442,0.0,False
2026-01-12 01:00:00,19.93733318959,88.84376398097844,28.0967792243775,2.3568522112431927,0.0,False
2026-01-12 02:00:00,15.457243540525003,90.82814484091764,36.951468754601734,1.7660166351760265,0.0,False
2026-01-12 03:00:00,16.181095798727217,94.8028758200814,40.83252018346623,3.054239998039442,0.0,False
2026-01-12 04:00:00,22.16091658368075,78.07596008580214,32.24885294208434,1.866700288923932,0.0,False
2026-01-12 05:00:00,25.38875157101654,64.666799048172,31.47802988179417,0.33333697917493366,0.0,False
2026-01-12 06:00:00,27.064995691409436,67.17257339683047,21.193357975078683,2.632753583965161,0.7880664202492131,True
2026-01-12 07:00:00,28.10113591342874,76.21228522730327,19.358682853814287,3.853460555927678,0.8064131714618571,True
2026-01-12 08:00:00,31.041038617913014,58.540773076137405,21.931496041438294,3.20960195092675,0.7806850395856171,True
2026-01-12 09:00:00,34.15897162940327,46.543522007544375,25.176957081392246,4.070306258443459,0.7482304291860775,True
2026-01-12 10:00:00,29.93639015694069,53.77492877942926,30.54298130840978,3.3356829085993978,0.6945701869159022,True
2026-01-12 11:00:00,33.70048033994795,52.101886657451004,31.498284962013827,2.972711230028061,0.6850171503798618,True
2026-01-12 12:00:00,33.03166181732563,53.37267803083148,29.53753277486051,2.20012707416992,0.7046246722513949,True
2026-01-12 13:00:00,30.970350769987988,61.105784022568336,28.875617068026457,4.312786970346438,0.7112438293197354,True
2026-01-12 14:00:00,34.027996711105125,50.46234001159338,22.03867920267038,4.165160375959098,0.7796132079732963,True
2026-01-12 15:00:00,30.893626421120384,56.919680149860696,15.327736655175784,2.9770135554949846,0.8467226334482422,True
2026-01-12 16:00:00,28.72952356596774,65.92680763791707,15.87657849384378,4.455042893974535,0.8412342150615622,True
2026-01-12 17:00:00,24.287116438163142,69.10710951224084,98.8004039576258,3.652030608690802,0.011995960423741963,True
2026-01-12 18:00:00,25.963659621172678,75.4216616904672,3.2789772968518065,4.812681743557918,0.967210227031482,True
2026-01-12 19:00:00,23.822260817497455,73.42838667860252,0.22717870990304334,3.679230480296411,0.0,False
2026-01-12 20:00:00,21.518601797297762,88.05734650042996,94.27546789251369,5.252417140343199,0.0,False
2026-01-12 21:00:00,20.007615686333057,80.18175999016334,4.098275099036783,5.0820193845160935,0.0,False
2026-01-12 22:00:00,21.4171600629292,78.4073784159391,18.91286178010847,4.709112276417001,0.0,False
2026-01-12 23:00:00,21.111809006571292,68.13867861178014,18.200485232522993,5.1400770470968355,0.0,False
2026-01-13 00:00:00,19.71565178125985,73.03179136744224,4.855120970526187,1.568268807774324,0.0,False
2026-01-13 01:00:00,15.309915719233794,85.57031407527131,97.7086259546932,3.258596302839125,0.0,False
2026-01-13 02:00:00,20.10305434567256,78.87542547309931,5.254141447473259,1.7061734280712273,0.0,False
2026-01-13 03:00:00,21.58225862874249,76.89528773128839,79.98488981101391,2.7715264317827395,0.0,False
2026-01-13 04:00:00,26.6455912122509,66.02196463248879,83.79880146166379,4.123272979701373,0.0,False
2026-01-13 05:00:00,27.08674025810485,68.67140433468506,66.15428462819938,1.0861422356758177,0.0,False
2026-01-13 06:00:00,26.44267678408121,79.55694141888885,46.4067543071356,2.7626832806289343,0.535932456928644,True
2026-01-13 07:00:00,32.426340865670575,56.64774715871099,50.38742980451542,1.919656148674194,0.4961257019548458,True
2026-01-13 08:00:00,30.295084139367393,55.02865634440268,30.135850676682338,2.448231488708598,0.6986414932331766,True
2026-01-13 09:00:00,31.60429640175157,49.91153033556365,28.43075018240046,3.162747610169691,0.7156924981759955,True
2026-01-13 10:00:00,32.42522188847239,66.02773248646538,13.443369264834814,1.360743825869055,0.8655663073516519,True
2026-01-13 11:00:00,34.14913276699952,51.49181707384518,16.336420335794855,3.749146223466194,0.8366357966420515,True
2026-01-13 12:00:00,36.88589646727322,39.50056488955949,1.4458291636977947,4.372061250986825,0.985541708363022,True
2026-01-13 13:00:00,31.623425699747983,57.24430030644092,21.606643766788636,2.7966636002914664,0.7839335623321136,True
2026-01-13 14:00:00,33.634936939270766,45.39625311678557,23.32052209199489,3.680779861180168,0.7667947790800511,True
2026-01-13 15:00:00,30.715598294892164,53.07430758356254,10.320678806768797,3.5836838356303264,0.896793211932312,True
2026-01-13 16:00:00,33.21457418255626,58.65414653691412,27.267388026435952,5.141261778593461,0.7273261197356404,True
2026-01-13 17:00:00,29.876282303002583,64.96508930223885,40.0680041301288,2.8415087701271586,0.599319958698712,True
2026-01-13 18:00:00,21.427277212205283,70.01981384097874,48.58625613360533,4.242959337689279,0.5141374386639467,True
2026-01-13 19:00:00,26.961052146247596,55.35368062164184,56.59751677202664,4.618758166595916,0.0,False
2026-01-13 20:00:00,22.125996966495542,71.37328597800844,66.04534971982815,3.338783245101216,0.0,False
2026-01-13 21:00:00,21.25795178766558,70.47741838497032,64.97728258557319,6.208733183411672,0.0,False
2026-01-13 22:00:00,17.681109624142668,75.91415783453165,73.89110738531603,3.7703489652201174,0.0,False
2026-01-13 23:00:00,16.711450918271137,89.821114851872,85.19565624252027,4.4731206954850125,0.0,False
2026-01-14 00:00:00,18.514810652708277,86.63481042175084,81.51852448735715,1.6621867658664398,0.0,False
2026-01-14 01:00:00,19.055507401003734,76.84704356633004,86.1619482152626,2.7342300957207937,0.0,False
2026-01-14 02:00:00,17.115291932893474,90.59814041804633,76.54929598379293,2.304104189610304,0.0,False
2026-01-14 03:00:00,21.680068709166058,76.64072058190435,82.80276021382754,3.078223459918694,0.0,False
2026-01-14 04:00:00,21.494535783979153,74.57317506952492,81.6498008980295,3.4205578781761337,0.0,False
2026-01-14 05:00:00,26.89925612111989,63.46497199124249,84.81940785703794,4.883260671500581,0.0,False
2026-01-14 06:00:00,27.62459458551738,72.21759392929003,93.13039405178698,3.327361054797628,0.06869605948213021,True
2026-01-14 07:00:00,27.166283925842194,65.61529303624421,5.7648398007493,3.960340659506447,0.942351601992507,True
2026-01-14 08:00:00,30.311111514169177,59.02551438366523,1.9690100922792624,2.705474303266668,0.9803098990772073,True
2026-01-14 09:00:00,33.323054452835684,59.43373606893889,95.69446049828076,1.9435663518811401,0.04305539501719238,True
2026-01-14 10:00:00,31.756460002803145,51.738088682852194,82.44946675794151,3.187028589159939,0.17550533242058491,True
2026-01-14 11:00:00,31.690605534329247,55.1383948980525,64.90389852319058,3.6920927623010833,0.3509610147680942,True
2026-01-14 12:00:00,33.99702227857706,48.35467790891704,80.50420960389793,2.738297143952654,0.19495790396102067,True
2026-01-14 13:00:00,36.255262029747335,49.16004619207629,81.14945970490979,4.387147936342198,0.18850540295090212,True
2026-01-14 14:00:00,30.4775727328499,65.06885451646126,73.13413344055962,2.9480360782373793,0.26865866559440377,True
2026-01-14 15:00:00,29.230523173575854,67.98401897120787,76.25210587936174,3.9723259172387517,0.23747894120638263,True
2026-01-14 16:00:00,30.795446100668915,54.64227317051199,71.35518655314917,2.883963235400753,0.2864481344685083,True
2026-01-14 17:00:00,25.477957117181223,72.4661349265697,65.168678129054,4.289183443985865,0.34831321870945997,True
2026-01-14 18:00:00,28.386915981544263,64.30207242672114,74.46312159159257,3.1275351517026744,0.2553687840840743,True
2026-01-14 19:00:00,25.52575992131827,68.84548500813806,82.67357635317424,3.755329650015288,0.0,False
2026-01-14 20:00:00,27.280638657147612,69.43398943383889,79.8128354106514,3.744656952902095,0.0,False
2026-01-14 21:00:00,18.552151984852205,84.71167485475218,84.09407057387769,5.5331626795782,0.0,False
2026-01-14 22:00:00,19.288665402264314,83.61582857696705,82.08085443508978,5.194196057150748,0.0,False
2026-01-14 23:00:00,19.162425198672693,86.5863077882567,65.92752018124992,4.292350188877453,0.0,False
2026-01-15 00:00:00,20.698556167914383,78.25916860063539,73.64489853099772,2.374531566797776,0.0,False
2026-01-15 01:00:00,20.869355621046278,79.48287510783221,81.84945297467134,2.2416454646234083,0.0,False
2026-01-15 02:00:00,18.133038133838145,87.08494760298163,84.18670340112402,2.7785614777830183,0.0,False
2026-01-15 03:00:00,19.666317632422462,83.04198792826229,76.40078697271973,1.7634114452715188,0.0,False
2026-01-15 04:00:00,21.823054027217374,77.18822862615168,70.00584849777846,2.0067488518534664,0.0,False
2026-01-15 05:00:00,26.293204639913444,66.95553864666171,72.6189859569422,2.4401241141425802,0.0,False
2026-01-15 06:00:00,25.645015924901777,77.2206330081973,80.11049066181418,3.909716669321901,0.19889509338185818,True
2026-01-15 07:00:00,27.079403359082963,63.80002488690755,83.94059633212777,1.0483728575424176,0.16059403667872232,True
2026-01-15 08:00:00,30.763074748986433,56.68933083749106,66.16519636934609,2.065743628034243,0.3383480363065391,True
2026-01-15 09:00:00,33.09420297091456,54.03747038094554,61.9825349808053,2.8033385992392525,0.380174650191947,True
2026-01-15 10:00:00,33.39073624556751,50.32323614977186,64.09705780623801,3.5363056612139228,0.3590294219376199,True
2026-01-15 11:00:00,33.99280157188853,51.63039752778121,41.124141819564386,2.2957952906496844,0.5887585818043561,True
2026-01-15 12:00:00,32.615301916455905,44.3895106993823,34.1997741855601,3.010316282258794,0.6580022581443989,True
2026-01-15 13:00:00,30.300766261069942,56.14889408567999,26.981859131490694,2.9644141393444126,0.7301814086850931,True
2026-01-15 14:00:00,31.8230850710549,52.243329265159474,31.04837300163274,2.4447772935317147,0.6895162699836725,True
2026-01-15 15:00:00,32.446144959138536,53.4236036879868,31.707051263649277,3.8055559366997023,0.6829294873635072,True
2026-01-15 16:00:00,30.783249757925567,61.81427033754218,43.167541594974125,6.563295978812128,0.5683245840502588,True
2026-01-15 17:00:00,29.11139059843297,60.471453667512726,53.42456175803662,3.380036547057112,0.46575438241963385,True
2026-01-15 18:00:00,26.820010761958436,60.813114286232576,77.29727257535399,3.6712735103629193,0.22702727424646013,True
2026-01-15 19:00:00,21.650272021664204,72.4239134934699,48.232812230719446,4.477792067048895,0.0,False
2026-01-15 20:00:00,22.626433028744625,73.93018998458724,52.210718029705305,5.201981015286439,0.0,False
2026-01-15 21:00:00,21.014251401974565,76.82843903836769,57.568722688290535,4.765683641024461,0.0,False
2026-01-15 22:00:00,22.675444644347703,68.77953832990237,40.437084967143846,5.606981790278113,0.0,False
2026-01-15 23:00:00,15.653827820967326,88.89329489341934,37.58588096744154,6.65858222679735,0.0,False
2026-01-16 00:00:00,20.58403498768205,74.15388881197026,42.15641004480406,1.8567435892582154,0.0,False
2026-01-16 01:00:00,19.08419091559314,86.2773277467683,39.23849173194117,2.02057901871892,0.0,False
2026-01-16 02:00:00,19.283558870963912,82.47988553956006,54.97930573068362,3.1797057147446406,0.0,False
2026-01-16 03:00:00,20.380919793434114,81.7253573597821,67.45411722084222,0.1022609159897141,0.0,False
2026-01-16 04:00:00,22.5306070859378,72.57890450595661,63.302077179946934,2.361543045378938,0.0,False
2026-01-16 05:00:00,25.40668855110481,79.01181498962839,69.97459761875461,3.0047543107809904,0.0,False
2026-01-16 06:00:00,24.788718902336445,69.01928557227976,52.374525916484885,3.5423428900100977,0.4762547408351512,True
2026-01-16 07:00:00,27.759191570760905,64.04061736879653,63.60178917501199,3.477699820023701,0.36398210824988014,True
2026-01-16 08:00:00,26.688276297836566,66.12649181798322,73.73079912571485,3.3064202896580484,0.2626920087428515,True
2026-01-16 09:00:00,38.121104932803945,47.57316225146926,82.98075368917475,1.4453117819688086,0.17019246310825253,True
2026-01-16 10:00:00,31.403449109222702,59.15868864444356,93.20299038067908,3.821540850840066,0.06797009619320918,True
2026-01-16 11:00:00,38.4861645483881,35.56394329387547,82.33729225681253,3.153035546720125,0.17662707743187467,True
2026-01-16 12:00:00,34.20666574519753,55.040275738798115,84.31718768053709,2.010069204311417,0.1568281231946291,True
2026-01-16 13:00:00,31.011431764830597,64.00045742548059,81.44728842141991,3.9300153704677836,0.18552711578580086,True
2026-01-16 14:00:00,31.91076056722903,59.38021595252856,66.7407212202776,4.127310079316421,0.33259278779722395,True
2026-01-16 15:00:00,28.680535270888026,63.443106377355534,70.15655238077045,3.5761989094842286,0.2984344761922955,True
2026-01-16 16:00:00,31.554284838766975,57.539310442321835,80.06155947902474,5.622670198376014,0.19938440520975262,True
2026-01-16 17:00:00,29.77566371394465,68.78455173377725,88.09932241034363,3.921832634749629,0.11900677589656368,True
2026-01-16 18:00:00,26.292669994235386,69.3325267014724,81.87537688714596,5.327704425435114,0.18124623112854038,True
2026-01-16 19:00:00,26.274572198039852,62.059422200371394,83.38741975204441,4.614094055113102,0.0,False
2026-01-16 20:00:00,22.261716618899843,82.81197298918177,66.8142766201909,6.0991538446834435,0.0,False
2026-01-16 21:00:00,17.584945111667356,83.8118431934957,67.86156051813848,3.989845447985049,0.0,False
2026-01-16 22:00:00,21.28332600415012,74.71232153653725,60.66280662093922,3.456808851361031,0.0,False
2026-01-16 23:00:00,16.73478561499024,81.84599618533424,61.3971825763133,3.6752178638980038,0.0,False
2026-01-17 00:00:00,16.13325720629628,88.41832771934247,74.33403913727899,2.497839175149597,0.0,False
2026-01-17 01:00:00,16.477253956479945,80.17586426900502,84.32290639867803,0.9372574758797907,0.0,False
2026-01-17 02:00:00,18.935426888777172,80.32058378305534,78.77325803614733,2.9874500022885853,0.0,False
2026-01-17 03:00:00,20.14874956190459,87.25985448917125,67.78383649169663,2.3788021251329083,0.0,False
2026-01-17 04:00:00,21.806416962420652,72.67276056760988,73.4310881999692,3.258099575569764,0.0,False
2026-01-17 05:00:00,27.71366029083859,63.6804950796337,82.384139800984,3.5532722266465706,0.0,False
2026-01-17 06:00:00,28.81724741221636,66.65828103027768,90.47515616065839,2.436813456576962,0.09524843839341614,True
2026-01-17 07:00:00,28.910972860192263,53.73438971117149,93.35169536940992,3.175306451629775,0.06648304630590075,True
2026-01-17 08:00:00,29.981766213129937,62.1836338881486,92.04328409616855,3.9654391492386902,0.07956715903831452,True
2026-01-17 09:00:00,35.567459419812174,44.704775990149706,93.33441845832218,4.590353079396989,0.06665581541677824,True
2026-01-17 10:00:00,35.035658838352454,49.549833043829565,93.20875970419199,2.4964367721127885,0.0679124029580801,True
2026-01-17 11:00:00,36.80669450797711,44.73098263604371,90.07172355406861,2.5750725298863717,0.09928276445931389,True
2026-01-17 12:00:00,33.742140843964066,57.269801682118775,88.08274435691024,1.866868863317871,0.1191725564308976,True
2026-01-17 13:00:00,36.9260968240747,44.477448729912794,74.37871370574439,2.5274933187289337,0.25621286294255613,True
2026-01-17 14:00:00,32.10550132074877,54.79153730420848,62.502854474956564,5.396186779058969,0.37497145525043435,True
2026-01-17 15:00:00,29.5480660148025,51.52300803908817,61.02486365763977,0.9993608012983084,0.3897513634236023,True
2026-01-17 16:00:00,29.777087593124538,58.869364290070585,47.770129515850016,2.1665849813520923,0.5222987048414999,True
2026-01-17 17:00:00,30.412934012838463,62.61309825491652,53.012630094275835,3.2747567269142634,0.46987369905724163,True
2026-01-17 18:00:00,24.54706475348893,67.36200757624911,58.11872481043386,5.777279010889491,0.4188127518956614,True
2026-01-17 19:00:00,21.963123499585333,78.77979792354826,44.352114245136846,5.593665338056026,0.0,False
2026-01-17 20:00:00,22.313952836182306,74.1604094089684,44.311903802989576,3.5107109058055035,0.0,False
2026-01-17 21:00:00,23.858303575156768,74.90954559883524,38.3729304613307,3.8766728931450256,0.0,False
2026-01-17 22:00:00,20.397923521222342,77.63067522945582,30.524873285969477,2.509802872913848,0.0,False
2026-01-17 23:00:00,18.571039381123782,85.72101043570095,30.130879219801898,3.7250816833991354,0.0,False
2026-01-18 00:00:00,15.390633289717234,89.29017786758739,39.738924536839136,0.6654731526061148,0.0,False
2026-01-18 01:00:00,16.501426069783516,87.10471010917338,26.84336207750738,1.8506259675232806,0.0,False
2026-01-18 02:00:00,17.2379417638197,84.3171435146706,34.56351962339835,2.3045268591566677,0.0,False
2026-01-18 03:00:00,24.101028568613245,72.93291999416724,54.21273627668421,2.2792371543793064,0.0,False
2026-01-18 04:00:00,19.000492745207495,87.35881924380496,61.50841943098507,2.236183443047709,0.0,False
2026-01-18 05:00:00,25.124512386539894,71.23569328052272,49.445576394524466,2.669303411782632,0.0,False
2026-01-18 06:00:00,26.742097313937204,69.49692240469301,64.22685979174261,4.011237076232296,0.35773140208257387,True
2026-01-18 07:00:00,26.842727499494238,58.90096745371618,34.78054660508943,1.889347751579366,0.6521945339491058,True
2026-01-18 08:00:00,32.45330922939143,49.777308150550965,38.432204830203005,3.4609659257804486,0.6156779516979699,True
2026-01-18 09:00:00,30.547259050175356,51.61528684446007,34.76322117871189,2.842566336357846,0.6523677882128811,True
2026-01-18 10:00:00,34.73590813668316,46.43470809360146,26.2633748449409,3.738030649264724,0.737366251550591,True
2026-01-18 11:00:00,32.262102361087415,55.44063170858421,34.03145576347174,4.287575151469599,0.6596854423652826,True
2026-01-18 12:00:00,35.98933742132731,47.24708102255575,34.78544693417328,5.031358322507231,0.6521455306582672,True
2026-01-18 13:00:00,34.33425694431543,62.79616626807254,39.95935195072212,3.7316818401154648,0.6004064804927788,True
2026-01-18 14:00:00,37.757826134182594,41.624385269698855,28.112092586658378,3.950506428128844,0.7188790741334162,True
2026-01-18 15:00:00,36.447047460242565,46.6562830368794,43.63618206002795,4.288274117992195,0.5636381793997205,True
2026-01-18 16:00:00,32.072531763992316,66.12140403391916,46.736702151101355,3.703719647020062,0.5326329784889865,True
2026-01-18 17:00:00,26.936345955394554,66.99543276321548,57.15975694020247,2.662889467453465,0.4284024305979753,True
2026-01-18 18:00:00,24.893938864894213,70.7352650072711,56.331211140875666,5.6865406218855545,0.43668788859124336,True
2026-01-18 19:00:00,23.810855065588296,74.02877274969231,65.0074858173241,4.228591732308434,0.0,False
2026-01-18 20:00:00,18.994246938400423,86.97667490754321,77.2226853160048,3.845204805471619,0.0,False
2026-01-18 21:00:00,23.09745845775879,68.12542176924832,75.33824758135273,4.863448149955004,0.0,False
2026-01-18 22:00:00,16.873373234600855,80.79721001049177,76.23279167959372,5.249638244110711,0.0,False
2026-01-18 23:00:00,18.368431454917758,84.96986225451768,71.04848238409096,6.431615569376805,0.0,False
2026-01-19 00:00:00,19.321422772816828,83.985139825475,82.67686564714036,3.076204742872208,0.0,False
2026-01-19 01:00:00,15.668734695709425,87.36032546753556,83.02940615725173,1.8330049240776396,0.0,False
2026-01-19 02:00:00,18.646417137433087,91.98720528303222,82.5127866627308,1.4717298007934305,0.0,False
2026-01-19 03:00:00,20.024654542235005,80.12452924940199,71.86545508193649,2.656171747864389,0.0,False
2026-01-19 04:00:00,21.513196014952765,77.805042094771,83.43834144819259,1.7271569861500533,0.0,False
2026-01-19 05:00:00,21.09431949741877,70.98318443448392,81.23530412297386,2.493294252728092,0.0,False
2026-01-19 06:00:00,26.080583753598898,69.26100266778309,85.94828234716859,1.95354407108539,0.14051717652831414,True
2026-01-19 07:00:00,26.77571623227359,67.88482709159311,65.49045986419901,1.6383120273399339,0.34509540135800987,True
2026-01-19 08:00:00,31.254030286376903,62.09166587084911,71.45287973234844,3.3811967002390273,0.28547120267651566,True
2026-01-19 09:00:00,29.797908234047412,59.261100227726224,72.00471220185653,4.25437732878988,0.27995287798143464,True
2026-01-19 10:00:00,30.493398060093313,49.808803727490435,70.47116355699842,3.842876515825089,0.2952883644300158,True
2026-01-19 11:00:00,37.84114832007657,48.5822451409322,71.09244338186824,3.040708781275418,0.28907556618131763,True
2026-01-19 12:00:00,35.915173418221755,43.018557734237014,71.44062140670451,3.480336506792636,0.2855937859329549,True
2026-01-19 13:00:00,34.181692877972765,56.80168633028361,81.5308601139887,4.265880822153922,0.18469139886011304,True
2026-01-19 14:00:00,32.39333417937327,54.10446195525343,90.82837908474662,6.1350002603951275,0.09171620915253385,True
2026-01-19 15:00:00,30.396426337683963,54.01931386417161,93.58995348157437,3.6876608820188364,0.06410046518425631,True
2026-01-19 16:00:00,28.08299205329656,65.5376904999399,76.86745478231303,4.422007395598529,0.23132545217686967,True
2026-01-19 17:00:00,26.65321850621601,72.59802725281352,72.01052170559363,5.098587601035887,0.27989478294406367,True
2026-01-19 18:00:00,20.871824018690276,82.99496105721954,44.02688616632855,4.262801583273365,0.5597311383367145,True
2026-01-19 19:00:00,23.650842892530154,69.81190325903057,61.266580868013534,3.0487878286439116,0.0,False
2026-01-19 20:00:00,21.53087158498553,72.78014262180025,73.43256959870911,4.194914515971661,0.0,False
2026-01-19 21:00:00,21.86044273017302,71.24804841029214,83.07188824162877,5.137166463529407,0.0,False
2026-01-19 22:00:00,18.821130594828826,72.6343542379811,99.49747107508668,5.536227045617945,0.0,False
2026-01-19 23:00:00,20.88130986491265,75.6005521255695,8.038961034825618,5.640420920589428,0.0,False
2026-01-20 00:00:00,22.09461450338478,73.82795831598548,3.8578781728159868,2.4478617698637777,0.0,False
2026-01-20 01:00:00,23.16214467432015,70.03401536245322,93.04576802474192,3.171294525603434,0.0,False
2026-01-20 02:00:00,20.12851884680533,89.69956191079505,90.1272768055935,0.0,0.0,False
2026-01-20 03:00:00,20.97498203759128,67.88571733259533,97.30250459866915,3.205657988668081,0.0,False
2026-01-20 04:00:00,23.34610557766031,76.90846725429094,87.21588464900151,1.121285170904365,0.0,False
2026-01-20 05:00:00,25.368891489755498,60.687497808808715,86.23186040960108,2.3789599546265103,0.0,False
2026-01-20 06:00:00,23.242030693161837,76.9885700516568,76.467974540348,3.2513782931407214,0.23532025459652003,True
2026-01-20 07:00:00,28.196189656734926,65.93309451210136,72.04968041569725,3.7424513694204427,0.27950319584302746,True
2026-01-20 08:00:00,29.714631111933443,60.93245110603461,68.46187879505476,3.241718034977391,0.3153812120494524,True
2026-01-20 09:00:00,28.718419034784382,58.78428305754882,58.9071593758506,2.1750989044248095,0.410928406241494,True
2026-01-20 10:00:00,34.94699089421849,48.58671245824773,56.90257788021319,1.752953640899861,0.43097422119786816,True
2026-01-20 11:00:00,35.95830890964645,51.85019978898788,46.69317493126769,4.578999455608593,0.5330682506873231,True
2026-01-20 12:00:00,36.150710739090755,53.033694218916,36.11767183796965,4.881034978081544,0.6388232816203034,True
2026-01-20 13:00:00,37.1775884145182,52.108750290951335,52.34416342444604,3.246812783358573,0.4765583657555396,True
2026-01-20 14:00:00,35.26292987334089,49.08970406717844,64.97638098153456,3.9076160411523393,0.3502361901846544,True
2026-01-20 15:00:00,33.6464953809588,56.354504630706025,69.88601921319915,4.04848769317879,0.30113980786800854,True
2026-01-20 16:00:00,31.746479837923367,56.63396453399568,68.56164681021275,3.3972893211352986,0.3143835318978725,True
2026-01-20 17:00:00,28.364224405899847,62.72458959134112,81.28185760867757,3.149855935990017,0.18718142391322432,True
2026-01-20 18:00:00,26.880910753326017,65.48636855393707,81.53738846705973,3.896775791931247,0.18462611532940273,True
2026-01-20 19:00:00,25.031931505013187,63.44588100516631,91.66525797242262,3.7565792391630577,0.0,False
2026-01-20 20:00:00,22.568116766591366,67.99810289098514,3.9241919724853034,4.419382136456787,0.0,False
2026-01-20 21:00:00,20.918708161076673,75.80348008400549,95.36189378014619,5.502961247697634,0.0,False
2026-01-20 22:00:00,20.390194417226763,74.80875321332587,90.68946081387821,4.280716452886675,0.0,False
2026-01-20 23:00:00,19.89013530043388,80.00546226839592,97.42721559164985,5.105164834725411,0.0,False
2026-01-21 00:00:00,18.869748192873327,86.57368202909491,85.55158844592859,2.8865253692385915,0.0,False
2026-01-21 01:00:00,21.489375860109792,74.34347622243742,61.03392123057142,2.9767126921680314,0.0,False
2026-01-21 02:00:00,16.04847195433533,82.7000498202725,50.895786537513516,1.3681939523910303,0.0,False
2026-01-21 03:00:00,21.541721800375843,80.50756377185645,40.66789280974814,1.174909581011785,0.0,False
2026-01-21 04:00:00,22.019253302727112,75.30205620896565,30.09642278833911,2.780144222014004,0.0,False
2026-01-21 05:00:00,25.754341325111337,65.60978940441125,19.462544214936116,2.0891134638137747,0.0,False
2026-01-21 06:00:00,26.263237445579968,66.06294979113338,22.581810660711596,3.0489654015963854,0.774181893392884,True
2026-01-21 07:00:00,31.397139378835256,60.16755129000654,21.39401328119257,3.117608964201653,0.7860598671880743,True
2026-01-21 08:00:00,30.180227454790778,52.298754368288336,14.265682373618802,3.7763410118754557,0.857343176263812,True
2026-01-21 09:00:00,31.79217789302367,62.10467271590097,13.307122944500236,3.624955699487573,0.8669287705549976,True
2026-01-21 10:00:00,30.522956360607083,49.168575587140914,29.455152354696082,4.2581373844446055,0.7054484764530392,True
2026-01-21 11:00:00,37.66895487098071,53.471579179702694,30.41826053797965,4.160295865889451,0.6958173946202035,True
2026-01-21 12:00:00,33.089320207959915,50.296237563245995,13.400826276139014,2.716200654011992,0.8659917372386099,True
2026-01-21 13:00:00,36.24389330191756,39.056014867941464,36.835527751304625,3.1864704281672123,0.6316447224869538,True
2026-01-21 14:00:00,32.388051450197096,49.4312396179903,41.08512951512927,3.7432151576301145,0.5891487048487073,True
2026-01-21 15:00:00,32.96957273832538,57.0461106666067,48.437776583511635,4.566888998261246,0.5156222341648836,True
2026-01-21 16:00:00,28.203159895602397,63.43266181128667,44.01606740499608,3.518387560278623,0.5598393259500392,True
2026-01-21 17:00:00,26.06862369825977,73.86390283601658,32.922700717032114,4.053713063695437,0.6707729928296788,True
2026-01-21 18:00:00,26.03547849997144,70.55735745917771,31.062979454412215,4.270440634380054,0.6893702054558779,True
2026-01-21 19:00:00,20.996007053941874,74.55283537330843,41.46992366711254,5.164110664784644,0.0,False
2026-01-21 20:00:00,23.068365925852078,70.74832871617045,35.56675150805734,5.580744102106658,0.0,False
2026-01-21 21:00:00,19.343701055893185,75.15781137314679,28.86122137524569,3.8868133283409936,0.0,False
2026-01-21 22:00:00,21.64131707593245,73.36963256190447,28.51385842406799,5.0931869698997225,0.0,False
2026-01-21 23:00:00,16.816937432048615,83.8567376141382,34.05090937647532,2.2286196921910393,0.0,False
2026-01-22 00:00:00,22.470382908385233,74.19640509619359,44.724183625173225,1.8085768899737773,0.0,False
2026-01-22 01:00:00,19.62710934528452,86.18544986210009,48.898895924167846,2.68857440876125,0.0,False
2026-01-22 02:00:00,20.90663744926526,73.62754604101396,45.12862708861206,1.6674770866703033,0.0,False
2026-01-22 03:00:00,21.329388320767144,79.40139610047947,48.06211914038437,2.3916865059210712,0.0,False
2026-01-22 04:00:00,24.755349953041836,76.64012693174524,50.572061063253074,4.139559360459704,0.0,False
2026-01-22 05:00:00,28.131530166164687,55.53318884196429,64.02441471381707,2.1698514926235473,0.0,False
2026-01-22 06:00:00,28.528546994490505,67.02354362766565,75.96037470063582,2.5363540757264276,0.24039625299364176,True
2026-01-22 07:00:00,31.460461036947635,54.58005572041685,68.67999661890457,4.432334034247956,0.31320003381095435,True
2026-01-22 08:00:00,30.350764408923364,51.00262298370249,67.22348757962143,2.8881505797424913,0.3277651242037857,True
2026-01-22 09:00:00,34.990053711313784,50.08351347724006,65.78513071482388,2.142668586132995,0.3421486928517612,True
2026-01-22 10:00:00,33.0825071186694,51.84441453379285,64.13934968279918,2.9633880102884564,0.3586065031720082,True
2026-01-22 11:00:00,32.602708663737374,56.429022497820846,54.65841548924172,2.798763792272558,0.4534158451075828,True
2026-01-22 12:00:00,33.990589724360056,54.11781011614711,49.73561611251037,4.743023876395047,0.5026438388748963,True
2026-01-22 13:00:00,36.08373119528353,37.90752282777238,49.011440588058946,2.6457621459263017,0.5098855941194106,True
2026-01-22 14:00:00,37.688552041593375,51.46894273042288,38.19960176444934,3.1454681435825678,0.6180039823555066,True
2026-01-22 15:00:00,29.659290568383316,58.95604410810979,35.60219570017321,2.913806203596372,0.6439780429982679,True
2026-01-22 16:00:00,25.705989103159915,59.76767339020727,27.206190983396,4.23348765134137,0.72793809016604,True
2026-01-22 17:00:00,23.127247963522116,76.90001626019063,10.619072638674169,3.491494422547784,0.8938092736132583,True
2026-01-22 18:00:00,28.043335753238807,60.995773641039236,9.370473698542668,5.833374036382512,0.9062952630145733,True
2026-01-22 19:00:00,24.203884263292153,78.34416791617055,98.88074823793593,3.1801560146261196,0.0,False
2026-01-22 20:00:00,22.218338287484613,77.29973695833304,99.80671079953302,3.7992960593974296,0.0,False
2026-01-22 21:00:00,20.12275789498316,82.49186849088285,92.42058068710881,6.2800001328179444,0.0,False
2026-01-22 22:00:00,17.567099187601382,94.69416986111915,98.84364942845713,4.982835306984193,0.0,False
2026-01-22 23:00:00,19.18065911555898,79.56519896575581,8.160003408897012,4.555841972891744,0.0,False
2026-01-23 00:00:00,23.563897356989397,67.22998340281463,20.331452350502502,3.3439865681513625,0.0,False
2026-01-23 01:00:00,19.19228062462005,78.09043215195783,22.04737903024224,1.2984122527142732,0.0,False
2026-01-23 02:00:00,16.919437391252295,88.79021297166199,12.919151204389436,1.619845518970469,0.0,False
2026-01-23 03:00:00,22.51655000422514,74.49124941263317,15.330505242201582,3.117416554636234,0.0,False
2026-01-23 04:00:00,19.552706354847206,78.76118813483734,5.86931768741033,4.04114250342635,0.0,False
2026-01-23 05:00:00,29.057703570800157,64.55647055799602,6.751640814997472,1.9100263381001552,0.0,False
2026-01-23 06:00:00,29.012763976657006,67.08107973198027,96.61581459806371,3.3590588982219423,0.033841854019362926,True
2026-01-23 07:00:00,31.98843942037773,51.84474817533972,99.95782993338838,5.6194581919459825,0.0004217006661161804,True
2026-01-23 08:00:00,33.61676206239107,52.77972788430597,2.7800264786272635,2.038071564584575,0.9721997352137274,True
2026-01-23 09:00:00,32.12460241842205,54.16704087682315,99.29471317368154,4.602361522908798,0.007052868263184564,True
2026-01-23 10:00:00,30.646909051949578,58.25846821850968,11.857518612172697,2.9968018586287015,0.881424813878273,True
2026-01-23 11:00:00,34.65054629853496,56.075768322914236,14.085972075246247,5.266804478849521,0.8591402792475376,True
2026-01-23 12:00:00,37.53900824169831,44.00096025537897,22.676168451575847,4.471127411818347,0.7732383154842415,True
2026-01-23 13:00:00,31.060460520259966,43.02930297100206,24.445179883453477,2.9731963167755664,0.7555482011654653,True
2026-01-23 14:00:00,34.574981433256085,48.45538596799097,6.691875591979652,4.350263077214844,0.9330812440802034,True
2026-01-23 15:00:00,29.61310004854117,48.277008570828684,5.771480926660416,2.77421673164737,0.9422851907333958,True
2026-01-23 16:00:00,32.89477251777873,58.21167036405717,6.327409497291768,3.1637310681181328,0.9367259050270823,True
2026-01-23 17:00:00,29.082015930640253,56.60854838462766,91.46448794692671,4.840169145329451,0.08535512053073291,True
2026-01-23 18:00:00,28.978597853537835,62.030518866922726,87.46957708867569,4.5098779859333105,0.12530422911324307,True
2026-01-23 19:00:00,25.454877703124755,73.9574630755411,79.0418399051562,4.050678921714388,0.0,False
2026-01-23 20:00:00,22.02183893975719,77.78152072640337,70.1554645797255,4.907185902903889,0.0,False
2026-01-23 21:00:00,21.00551609724363,72.58037556004244,63.00981707931982,3.5901551858196825,0.0,False
2026-01-23 22:00:00,19.025797301870654,79.80771136035466,75.52029262526406,3.387078871811312,0.0,False
2026-01-23 23:00:00,18.991167865420255,88.68787407038725,83.20413087919286,4.676689545539594,0.0,False
2026-01-24 00:00:00,17.410608280901585,85.52447704674407,4.42300945254749,1.4482343196695533,0.0,False
2026-01-24 01:00:00,19.932863834959157,87.04207637479556,13.858582227730778,1.5328682238221836,0.0,False
2026-01-24 02:00:00,23.7162750269976,76.32827723243,29.310904273110282,1.0716490267263095,0.0,False
2026-01-24 03:00:00,22.62289491898172,76.63420290964847,16.60724970635249,4.572200518043932,0.0,False
2026-01-24 04:00:00,20.592245287854006,77.90659328826104,18.241446873365987,3.583585950505123,0.0,False
2026-01-24 05:00:00,25.934380582166106,62.07870614070961,3.460864688382742,2.5168822551516477,0.0,False
2026-01-24 06:00:00,21.974755031710096,82.5061744120465,96.40602592631438,1.7709108861763925,0.03593974073685615,True
2026-01-24 07:00:00,32.30878918974198,53.6250881913347,87.37298010292,1.6243237642366883,0.12627019897080005,True
2026-01-24 08:00:00,32.775092688683394,52.03827579152039,8.444913509428005,3.4529446442495138,0.9155508649057199,True
2026-01-24 09:00:00,28.148836756566098,68.23302550176352,95.31090237549384,3.478824069512474,0.04689097624506161,True
2026-01-24 10:00:00,32.85553603238489,51.35350822863097,99.16485979448305,3.7405955896688505,0.008351402055169502,True
2026-01-24 11:00:00,33.7727352035673,47.857755833072254,7.810439641418753,1.1040994717300787,0.9218956035858125,True
2026-01-24 12:00:00,36.09889148915062,49.46023998505127,94.36561899528789,3.060202145252728,0.05634381004712111,True
2026-01-24 13:00:00,32.33389079947705,62.22975055787062,89.27434523925265,5.251902783495255,0.10725654760747347,True
2026-01-24 14:00:00,36.1852632283258,50.71624086886302,90.83316931842961,4.133565598003222,0.09166830681570388,True
2026-01-24 15:00:00,32.75374648287651,61.66755893157827,93.12754965758677,3.0989205730851195,0.0687245034241323,True
2026-01-24 16:00:00,32.40667305310707,51.07222432146818,91.75472609255002,3.169472973913808,0.08245273907449985,True
2026-01-24 17:00:00,26.12155137457761,69.68127878054567,84.3728521452918,4.421341374550253,0.15627147854708198,True
2026-01-24 18:00:00,25.094226762288088,77.829112643103,82.96840719882488,3.628215145826194,0.17031592801175122,True
2026-01-24 19:00:00,24.89895663677636,71.26037271986995,96.0201672683053,4.6486864364485045,0.0,False
2026-01-24 20:00:00,22.023282818928195,78.81356166669083,86.00931459390196,5.7326824962914245,0.0,False
2026-01-24 21:00:00,18.765016370148782,76.2420088626702,98.24197953659822,5.194426231863575,0.0,False
2026-01-24 22:00:00,21.24347494679216,76.62397090137,6.250175241745097,3.300384420603736,0.0,False
2026-01-24 23:00:00,18.32712356606137,87.63129603982125,6.3876646494445595,5.871995491780168,0.0,False
2026-01-25 00:00:00,16.696405638638787,83.42322901830983,89.13878977446777,1.9154857946233181,0.0,False
2026-01-25 01:00:00,17.725306774725567,83.52387422880093,96.11141442268112,3.745901987914362,0.0,False
2026-01-25 02:00:00,21.011759113484338,84.39876537299938,7.267099487218786,1.8603740235846147,0.0,False
2026-01-25 03:00:00,18.89144862971112,79.67401500192896,5.419595775618433,3.9048127651500613,0.0,False
2026-01-25 04:00:00,21.80462640609517,81.05490310863415,11.762338741424202,0.8879937462886909,0.0,False
2026-01-25 05:00:00,27.31067343827325,75.45041213559284,97.62521306963077,3.1621364706203114,0.0,False
2026-01-25 06:00:00,27.32480635377199,60.559231852634724,91.66408551317414,3.652985567004786,0.08335914486825857,True
2026-01-25 07:00:00,30.36559186489457,54.56200287032266,99.36624093113136,3.953328010224862,0.006337590688686418,True
2026-01-25 08:00:00,30.335570160364206,66.13203793347766,93.2720000762587,3.794374019034773,0.06727999923741294,True
2026-01-25 09:00:00,31.272017094538846,57.45779890518824,97.62996216385434,3.0771593977820735,0.023700378361456557,True
2026-01-25 10:00:00,33.92132480968612,51.46122386107396,84.7453840820067,4.600119102986334,0.15254615917993306,True
2026-01-25 11:00:00,36.39974652664663,48.14845932322984,70.9714520285502,4.5251033097350355,0.290285479714498,True
2026-01-25 12:00:00,35.509599534438614,38.805244074223324,58.343122019395594,0.6251368189023703,0.41656877980604406,True
2026-01-25 13:00:00,34.143586091257866,52.32727550249474,59.04531009727705,3.1934405301193634,0.40954689902722946,True
2026-01-25 14:00:00,32.9442649099095,57.12137615737738,69.1560469720038,4.102781603645687,0.30843953027996207,True
2026-01-25 15:00:00,32.76814427074451,56.17104512639459,72.14693718403183,4.844649121315744,0.2785306281596817,True
2026-01-25 16:00:00,31.25603634148526,60.021810820375954,70.12496447524134,2.7983000105768383,0.2987503552475866,True
2026-01-25 17:00:00,27.51709811434481,63.15212269389035,82.34179031925555,4.925705829625861,0.1765820968074445,True
2026-01-25 18:00:00,26.704468713988653,70.34538233201975,72.83353787545212,3.112383753421626,0.27166462124547874,True
2026-01-25 19:00:00,23.395704398521204,70.25155129420719,80.06510242302554,6.541388649480823,0.0,False
2026-01-25 20:00:00,24.382937673580084,72.70024602514461,77.95467054434852,4.812791056560159,0.0,False
2026-01-25 21:00:00,18.210078714798343,85.06657626075888,66.44797290666742,5.406602056412473,0.0,False
2026-01-25 22:00:00,19.415426905257554,72.26613342627351,71.65411108255171,4.946291612768135,0.0,False
2026-01-25 23:00:00,17.81122681888684,85.70640779442645,81.15798874416669,3.372233844346262,0.0,False
2026-01-26 00:00:00,20.432379251987843,90.65322484738645,73.04403994968428,1.9658713119575502,0.0,False
2026-01-26 01:00:00,19.377343299837616,81.80887292371945,67.626971815932,3.7166835246307652,0.0,False
2026-01-26 02:00:00,20.56361820980722,82.07937769803614,49.505097354176655,1.7829394017438942,0.0,False
2026-01-26 03:00:00,22.59147494347427,73.45406171179944,43.0809634130664,1.8796645526257287,0.0,False
2026-01-26 04:00:00,22.11780616747293,73.79358284107501,37.998307800272016,2.3424530922623203,0.0,False
2026-01-26 05:00:00,23.53603051973839,82.50061175596237,16.456234733981944,2.9777706066042113,0.0,False
2026-01-26 06:00:00,23.948623431540025,74.6073324875124,1.2816299635033488,2.6597247698041575,0.9871837003649665,True
2026-01-26 07:00:00,30.327733118525504,60.75610098816106,1.8386999794307712,4.354016845528015,0.9816130002056923,True
2026-01-26 08:00:00,29.321269468600352,64.21417194677885,9.654100760953497,2.5356736033258365,0.903458992390465,True
2026-01-26 09:00:00,30.716502825404444,52.65659453741255,8.133187647813543,3.6604681339230907,0.9186681235218646,True
2026-01-26 10:00:00,31.035024375638212,61.22175199423981,3.4440057417892262,4.042963829965432,0.9655599425821078,True
2026-01-26 11:00:00,33.8267305788501,49.10232223391538,10.1895858598333,2.8961126561633566,0.8981041414016669,True
2026-01-26 12:00:00,36.36620974372338,48.62575911527385,17.68569319008111,3.068428930502225,0.8231430680991889,True
2026-01-26 13:00:00,34.845756488562934,44.91497840085269,12.541056880866165,1.7325211543072327,0.8745894311913384,True
2026-01-26 14:00:00,33.86585892413986,59.67188844571224,6.363250804595452,5.000792439886565,0.9363674919540454,True
2026-01-26 15:00:00,33.3725217516097,56.447274451610994,19.119509365807744,4.442264312421033,0.8088049063419226,True
2026-01-26 16:00:00,32.83969179145818,58.14085872039709,22.239295937403313,5.887933164637816,0.7776070406259669,True
2026-01-26 17:00:00,27.553444413806456,70.39635837629606,18.271761603819527,3.4020396435406015,0.8172823839618047,True
2026-01-26 18:00:00,28.143222093630445,65.70187009513754,7.44305842611584,4.29604040373427,0.9255694157388415,True
2026-01-26 19:00:00,25.4990579031744,65.4830386495135,5.477860177332502,4.51684452563426,0.0,False
2026-01-26 20:00:00,24.086363274066787,73.23081961038014,11.552328872493433,5.642660971846138,0.0,False
2026-01-26 21:00:00,21.137879277815344,65.13940372993957,18.03687130178986,3.9045017978106134,0.0,False
